﻿[
  {
    "Id": 1,
    "Name": "クロちゃん",
    "Element": "火",
    "Type": "なし",
    "Rarity": "N",
    "Part": 1,
    "GuerrillaModifier": 0.1,
    "Atk": 7,
    "Dex": 6,
    "Eng": 1
  },
  {
    "Id": 2,
    "Name": "火グマ",
    "Element": "火",
    "Type": "なし",
    "Rarity": "N",
    "Part": 1,
    "GuerrillaModifier": 0.1,
    "Atk": 10,
    "Dex": 2,
    "Eng": 3
  },
  {
    "Id": 3,
    "Name": "シロちゃん",
    "Element": "水",
    "Type": "なし",
    "Rarity": "N",
    "Part": 1,
    "GuerrillaModifier": 0.1,
    "Atk": 6,
    "Dex": 7,
    "Eng": 1
  },
  {
    "Id": 4,
    "Name": "イルカライダー",
    "Element": "水",
    "Type": "なし",
    "Rarity": "N",
    "Part": 1,
    "GuerrillaModifier": 0.1,
    "Atk": 8,
    "Dex": 9,
    "Eng": 2
  },
  {
    "Id": 5,
    "Name": "ぱんだこぞう",
    "Element": "木",
    "Type": "なし",
    "Rarity": "N",
    "Part": 1,
    "GuerrillaModifier": 0.1,
    "Atk": 6,
    "Dex": 10,
    "Eng": 1
  },
  {
    "Id": 6,
    "Name": "ウリのすけ",
    "Element": "木",
    "Type": "なし",
    "Rarity": "N",
    "Part": 1,
    "GuerrillaModifier": 0.1,
    "Atk": 7,
    "Dex": 8,
    "Eng": 1
  },
  {
    "Id": 7,
    "Name": "ウサギガール",
    "Element": "火",
    "Type": "なし",
    "Rarity": "Nplus",
    "Part": 1,
    "GuerrillaModifier": 0.1,
    "Atk": 12,
    "Dex": 8,
    "Eng": 5
  },
  {
    "Id": 8,
    "Name": "オニジェット",
    "Element": "火",
    "Type": "なし",
    "Rarity": "Nplus",
    "Part": 1,
    "GuerrillaModifier": 0.1,
    "Atk": 15,
    "Dex": 3,
    "Eng": 8
  },
  {
    "Id": 9,
    "Name": "泣き虫エルフ",
    "Skills": [
      {
        "SkillType": "CT確定",
        "Range": "全体"
      }
    ],
    "Element": "水",
    "Type": "なし",
    "Rarity": "Nplus",
    "Part": 1,
    "GuerrillaModifier": 0.1,
    "Atk": 11,
    "Dex": 14,
    "Eng": 4
  },
  {
    "Id": 10,
    "Name": "ぷっつんプリン",
    "Element": "水",
    "Type": "なし",
    "Rarity": "Nplus",
    "Part": 1,
    "GuerrillaModifier": 0.1,
    "Atk": 14,
    "Dex": 10,
    "Eng": 7
  },
  {
    "Id": 11,
    "Name": "丸出しちゃん",
    "Element": "木",
    "Type": "なし",
    "Rarity": "Nplus",
    "Part": 1,
    "GuerrillaModifier": 0.1,
    "Atk": 10,
    "Dex": 10,
    "Eng": 3
  },
  {
    "Id": 12,
    "Name": "けものシーフ",
    "Element": "木",
    "Type": "なし",
    "Rarity": "Nplus",
    "Part": 1,
    "GuerrillaModifier": 0.1,
    "Atk": 7,
    "Dex": 16,
    "Eng": 4
  },
  {
    "Id": 13,
    "Name": "デスアーム",
    "Skills": [
      {
        "SkillType": "CT確定",
        "Range": "自分"
      },
      {
        "SkillType": "被CT確定"
      }
    ],
    "Element": "火",
    "Type": "なし",
    "Rarity": "R",
    "Part": 1,
    "GuerrillaModifier": 0.1,
    "Atk": 15,
    "Dex": 8,
    "Eng": 13
  },
  {
    "Id": 14,
    "Name": "ネコ将軍",
    "Skills": [
      {
        "SkillType": "正面攻撃",
        "Range": "自分"
      }
    ],
    "Element": "火",
    "Type": "なし",
    "Rarity": "R",
    "Part": 1,
    "GuerrillaModifier": 0.1,
    "Atk": 20,
    "Dex": 14,
    "Eng": 7
  },
  {
    "Id": 15,
    "Name": "ウラメイシ",
    "Skills": [
      {
        "SkillType": "弱点無効"
      }
    ],
    "Element": "水",
    "Type": "なし",
    "Rarity": "R",
    "Part": 1,
    "GuerrillaModifier": 0.1,
    "Atk": 16,
    "Dex": 19,
    "Eng": 7
  },
  {
    "Id": 16,
    "Name": "アラシャーク",
    "Skills": [
      {
        "SkillType": "属性強化",
        "Element": "水",
        "Range": "全体",
        "Modifier": 1.2
      }
    ],
    "Element": "水",
    "Type": "なし",
    "Rarity": "R",
    "Part": 1,
    "GuerrillaModifier": 0.1,
    "Atk": 12,
    "Dex": 15,
    "Eng": 22
  },
  {
    "Id": 17,
    "Name": "ドワッフー",
    "Skills": [
      {
        "SkillType": "正面引き付け",
        "Range": "自分"
      }
    ],
    "Element": "木",
    "Type": "なし",
    "Rarity": "R",
    "Part": 1,
    "GuerrillaModifier": 0.1,
    "Atk": 14,
    "Dex": 20,
    "Eng": 8
  },
  {
    "Id": 18,
    "Name": "まものマスター",
    "Element": "木",
    "Type": "なし",
    "Rarity": "R",
    "Part": 1,
    "GuerrillaModifier": 0.1,
    "Atk": 15,
    "Dex": 15,
    "Eng": 9
  },
  {
    "Id": 19,
    "Name": "ハピハーピー",
    "Skills": [
      {
        "SkillType": "CT確定",
        "Range": "右"
      }
    ],
    "Element": "火",
    "Type": "なし",
    "Rarity": "Rplus",
    "Part": 1,
    "GuerrillaModifier": 0.1,
    "Atk": 20,
    "Dex": 25,
    "Eng": 17
  },
  {
    "Id": 20,
    "Name": "炎を燃やす炎",
    "Skills": [
      {
        "SkillType": "同族キラー"
      }
    ],
    "Element": "火",
    "Type": "なし",
    "Rarity": "Rplus",
    "Part": 1,
    "GuerrillaModifier": 0.1,
    "Atk": 29,
    "Dex": 19,
    "Eng": 18
  },
  {
    "Id": 21,
    "Name": "ボンファイター",
    "Skills": [
      {
        "SkillType": "全属性軽減"
      },
      {
        "SkillType": "オールキラー"
      }
    ],
    "Element": "水",
    "Type": "なし",
    "Rarity": "Rplus",
    "Part": 1,
    "GuerrillaModifier": 0.1,
    "Atk": 31,
    "Dex": 34,
    "Eng": 15
  },
  {
    "Id": 22,
    "Name": "雪の子",
    "Skills": [
      {
        "SkillType": "CT回避",
        "Range": "自分"
      },
      {
        "SkillType": "正面引き付け",
        "Range": "全体"
      }
    ],
    "Element": "水",
    "Type": "なし",
    "Rarity": "Rplus",
    "Part": 1,
    "GuerrillaModifier": 0.1,
    "Atk": 33,
    "Dex": 31,
    "Eng": 17
  },
  {
    "Id": 23,
    "Name": "パンダムスメ",
    "Skills": [
      {
        "SkillType": "正面攻撃",
        "Range": "自分"
      }
    ],
    "Element": "木",
    "Type": "なし",
    "Rarity": "Rplus",
    "Part": 1,
    "GuerrillaModifier": 0.1,
    "Atk": 25,
    "Dex": 23,
    "Eng": 12
  },
  {
    "Id": 24,
    "Name": "モフパーリー",
    "Skills": [
      {
        "SkillType": "属性強化",
        "Element": "木",
        "Range": "全体",
        "Modifier": 1.2
      }
    ],
    "Element": "木",
    "Type": "なし",
    "Rarity": "Rplus",
    "Part": 1,
    "GuerrillaModifier": 0.1,
    "Atk": 23,
    "Dex": 29,
    "Eng": 25
  },
  {
    "Id": 25,
    "Name": "爆裂ハンド",
    "Skills": [
      {
        "SkillType": "属性強化",
        "Element": "火",
        "Range": "全体",
        "Modifier": 1.2
      }
    ],
    "Element": "火",
    "Type": "なし",
    "Rarity": "SR",
    "Part": 1,
    "GuerrillaModifier": 0.1,
    "Atk": 32,
    "Dex": 32,
    "Eng": 51
  },
  {
    "Id": 26,
    "Name": "みここ",
    "Skills": [
      {
        "SkillType": "CT確定",
        "Range": "全体"
      }
    ],
    "Element": "火",
    "Type": "なし",
    "Rarity": "SR",
    "Part": 1,
    "GuerrillaModifier": 0.6,
    "Atk": 30,
    "Dex": 39,
    "Eng": 135
  },
  {
    "Id": 27,
    "Name": "アゲポニー",
    "Skills": [
      {
        "SkillType": "CT確定",
        "Range": "自分"
      },
      {
        "SkillType": "被CT確定"
      }
    ],
    "Element": "水",
    "Type": "なし",
    "Rarity": "SR",
    "Part": 1,
    "GuerrillaModifier": 0.1,
    "Atk": 30,
    "Dex": 34,
    "Eng": 38
  },
  {
    "Id": 28,
    "Name": "きゅうり狂",
    "Skills": [
      {
        "SkillType": "弱点無効"
      }
    ],
    "Element": "水",
    "Type": "なし",
    "Rarity": "SR",
    "Part": 1,
    "GuerrillaModifier": 0.1,
    "Atk": 39,
    "Dex": 37,
    "Eng": 32
  },
  {
    "Id": 29,
    "Name": "ハートブレイク",
    "Skills": [
      {
        "SkillType": "同族キラー"
      }
    ],
    "Element": "木",
    "Type": "なし",
    "Rarity": "SR",
    "Part": 1,
    "GuerrillaModifier": 0.1,
    "Atk": 37,
    "Dex": 35,
    "Eng": 30
  },
  {
    "Id": 30,
    "Name": "カキガキ",
    "Element": "木",
    "Type": "なし",
    "Rarity": "SR",
    "Part": 1,
    "GuerrillaModifier": 0.1,
    "Atk": 32,
    "Dex": 41,
    "Eng": 34
  },
  {
    "Id": 31,
    "Name": "デスサンタ",
    "Skills": [
      {
        "SkillType": "CT確定",
        "Range": "自分"
      },
      {
        "SkillType": "被CT確定"
      }
    ],
    "Element": "火",
    "Type": "なし",
    "Rarity": "SRplus",
    "Part": 1,
    "GuerrillaModifier": 0.1,
    "Atk": 58,
    "Dex": 32,
    "Eng": 83
  },
  {
    "Id": 32,
    "Name": "サっちゃん",
    "Skills": [
      {
        "SkillType": "正面引き付け",
        "Range": "自分"
      }
    ],
    "Element": "火",
    "Type": "なし",
    "Rarity": "SRplus",
    "Part": 1,
    "GuerrillaModifier": 0.1,
    "Atk": 52,
    "Dex": 59,
    "Eng": 62
  },
  {
    "Id": 33,
    "Name": "ワンダーギャル",
    "Skills": [
      {
        "SkillType": "属性強化",
        "Element": "水",
        "Range": "全体",
        "Modifier": 2.5
      }
    ],
    "Element": "水",
    "Type": "なし",
    "Rarity": "SRplus",
    "Part": 1,
    "GuerrillaModifier": 0.1,
    "Atk": 38,
    "Dex": 67,
    "Eng": 158
  },
  {
    "Id": 34,
    "Name": "マエガニ",
    "Skills": [
      {
        "SkillType": "正面攻撃",
        "Range": "自分"
      }
    ],
    "Element": "水",
    "Type": "なし",
    "Rarity": "SRplus",
    "Part": 1,
    "GuerrillaModifier": 0.1,
    "Atk": 61,
    "Dex": 51,
    "Eng": 63
  },
  {
    "Id": 35,
    "Name": "コトネ・モク",
    "Skills": [
      {
        "SkillType": "CT確定",
        "Range": "右"
      }
    ],
    "Element": "木",
    "Type": "なし",
    "Rarity": "SRplus",
    "Part": 1,
    "GuerrillaModifier": 0.1,
    "Atk": 49,
    "Dex": 62,
    "Eng": 59
  },
  {
    "Id": 36,
    "Name": "イニシエドール",
    "Skills": [
      {
        "SkillType": "弱点無効"
      }
    ],
    "Element": "木",
    "Type": "なし",
    "Rarity": "SRplus",
    "Part": 1,
    "GuerrillaModifier": 0.1,
    "Atk": 56,
    "Dex": 54,
    "Eng": 65
  },
  {
    "Id": 37,
    "Name": "ヘビーサー",
    "Skills": [
      {
        "SkillType": "CT確定",
        "Range": "右"
      }
    ],
    "Element": "火",
    "Type": "なし",
    "Rarity": "SSR",
    "Part": 1,
    "GuerrillaModifier": 0.1,
    "Atk": 78,
    "Dex": 83,
    "Eng": 135
  },
  {
    "Id": 38,
    "Name": "カメスレイヤー",
    "Skills": [
      {
        "SkillType": "正面攻撃",
        "Range": "自分"
      }
    ],
    "Element": "火",
    "Type": "なし",
    "Rarity": "SSR",
    "Part": 1,
    "GuerrillaModifier": 0.1,
    "Atk": 96,
    "Dex": 68,
    "Eng": 148
  },
  {
    "Id": 39,
    "Name": "ハイカライカ",
    "Skills": [
      {
        "SkillType": "正面引き付け",
        "Range": "自分"
      }
    ],
    "Element": "水",
    "Type": "なし",
    "Rarity": "SSR",
    "Part": 1,
    "GuerrillaModifier": 0.1,
    "Atk": 84,
    "Dex": 85,
    "Eng": 129
  },
  {
    "Id": 40,
    "Name": "シーキング",
    "Element": "水",
    "Type": "なし",
    "Rarity": "SSR",
    "Part": 1,
    "GuerrillaModifier": 0.1,
    "Atk": 71,
    "Dex": 92,
    "Eng": 120
  },
  {
    "Id": 41,
    "Name": "テングガール",
    "Skills": [
      {
        "SkillType": "属性強化",
        "Element": "木",
        "Range": "全体",
        "Modifier": 2.5
      }
    ],
    "Element": "木",
    "Type": "なし",
    "Rarity": "SSR",
    "Part": 1,
    "GuerrillaModifier": 0.1,
    "Atk": 56,
    "Dex": 113,
    "Eng": 350
  },
  {
    "Id": 42,
    "Name": "ドラハーフ",
    "Skills": [
      {
        "SkillType": "弱点無効"
      }
    ],
    "Element": "木",
    "Type": "なし",
    "Rarity": "SSR",
    "Part": 1,
    "GuerrillaModifier": 0.1,
    "Atk": 91,
    "Dex": 79,
    "Eng": 115
  },
  {
    "Id": 43,
    "Name": "ヒミコ",
    "Skills": [
      {
        "SkillType": "属性強化",
        "Element": "火",
        "Range": "全体",
        "Modifier": 1.5
      }
    ],
    "Element": "火",
    "Type": "なし",
    "Rarity": "SSRplus",
    "Part": 1,
    "GuerrillaModifier": 0.1,
    "Atk": 75,
    "Dex": 117,
    "Eng": 1021
  },
  {
    "Id": 44,
    "Name": "ドンドラゴン",
    "Skills": [
      {
        "SkillType": "弱点無効"
      }
    ],
    "Element": "火",
    "Type": "なし",
    "Rarity": "SSRplus",
    "Part": 1,
    "GuerrillaModifier": 0.1,
    "Atk": 145,
    "Dex": 87,
    "Eng": 568
  },
  {
    "Id": 45,
    "Name": "スノークイーン",
    "Skills": [
      {
        "SkillType": "同族キラー"
      }
    ],
    "Element": "水",
    "Type": "なし",
    "Rarity": "SSRplus",
    "Part": 1,
    "GuerrillaModifier": 0.1,
    "Atk": 124,
    "Dex": 123,
    "Eng": 512
  },
  {
    "Id": 46,
    "Name": "ヘッドブレイク",
    "Skills": [
      {
        "SkillType": "正面引き付け",
        "Range": "自分"
      }
    ],
    "Element": "水",
    "Type": "なし",
    "Rarity": "SSRplus",
    "Part": 1,
    "GuerrillaModifier": 0.1,
    "Atk": 118,
    "Dex": 148,
    "Eng": 404
  },
  {
    "Id": 47,
    "Name": "邪王クロコ",
    "Skills": [
      {
        "SkillType": "CT確定",
        "Range": "自分"
      },
      {
        "SkillType": "被CT確定"
      },
      {
        "SkillType": "特定社員強化",
        "Range": "自分",
        "Modifier": 2,
        "Buddys": [ 48 ]
      }
    ],
    "Element": "木",
    "Type": "なし",
    "Rarity": "SSRplus",
    "Part": 1,
    "GuerrillaModifier": 0.1,
    "Atk": 161,
    "Dex": 140,
    "Eng": 512
  },
  {
    "Id": 48,
    "Name": "天真シロナ",
    "Skills": [
      {
        "SkillType": "正面攻撃",
        "Range": "自分"
      },
      {
        "SkillType": "特定社員強化",
        "Range": "自分",
        "Modifier": 2,
        "Buddys": [ 47 ]
      }
    ],
    "Element": "木",
    "Type": "なし",
    "Rarity": "SSRplus",
    "Part": 1,
    "GuerrillaModifier": 0.1,
    "Atk": 155,
    "Dex": 174,
    "Eng": 368
  },
  {
    "Id": 49,
    "Name": "ウルフサクライ",
    "Skills": [
      {
        "SkillType": "オールキラー"
      }
    ],
    "Element": "火",
    "Type": "なし",
    "Rarity": "UR",
    "Part": 1,
    "GuerrillaModifier": 0.1,
    "Atk": 195,
    "Dex": 157,
    "Eng": 1176
  },
  {
    "Id": 50,
    "Name": "ねこま",
    "Skills": [
      {
        "SkillType": "CT回避",
        "Range": "全体"
      }
    ],
    "Element": "火",
    "Type": "なし",
    "Rarity": "UR",
    "Part": 1,
    "GuerrillaModifier": 0.15,
    "Atk": 210,
    "Dex": 200,
    "Eng": 1709
  },
  {
    "Id": 51,
    "Name": "アオイアオコ",
    "Skills": [
      {
        "SkillType": "正面攻撃",
        "Range": "自分"
      },
      {
        "SkillType": "CT確定",
        "Range": "自分"
      }
    ],
    "Element": "水",
    "Type": "なし",
    "Rarity": "UR",
    "Part": 1,
    "GuerrillaModifier": 0.1,
    "Atk": 214,
    "Dex": 183,
    "Eng": 957
  },
  {
    "Id": 52,
    "Name": "ハジケバブリー",
    "Skills": [
      {
        "SkillType": "三色編成強化",
        "Modifier": 1.2
      }
    ],
    "Element": "水",
    "Type": "なし",
    "Rarity": "UR",
    "Part": 1,
    "GuerrillaModifier": 0.1,
    "Atk": 178,
    "Dex": 178,
    "Eng": 1905
  },
  {
    "Id": 53,
    "Name": "覇者のモリ",
    "Skills": [
      {
        "SkillType": "正面引き付け",
        "Range": "全体"
      }
    ],
    "Element": "木",
    "Type": "なし",
    "Rarity": "UR",
    "Part": 1,
    "GuerrillaModifier": 0.1,
    "Atk": 184,
    "Dex": 228,
    "Eng": 929
  },
  {
    "Id": 54,
    "Name": "ビックリBOX",
    "Skills": [
      {
        "SkillType": "全属性軽減"
      }
    ],
    "Element": "木",
    "Type": "なし",
    "Rarity": "UR",
    "Part": 1,
    "GuerrillaModifier": 0.1,
    "Atk": 245,
    "Dex": 124,
    "Eng": 1226
  },
  {
    "Id": 55,
    "Name": "ナイスナース",
    "Skills": [
      {
        "SkillType": "正面攻撃",
        "Range": "自分"
      },
      {
        "SkillType": "CT確定",
        "Range": "自分"
      }
    ],
    "Element": "火",
    "Type": "なし",
    "Rarity": "URplus",
    "Part": 1,
    "GuerrillaModifier": 0.1,
    "Atk": 265,
    "Dex": 280,
    "Eng": 2250
  },
  {
    "Id": 56,
    "Name": "ウルトラサマー",
    "Skills": [
      {
        "SkillType": "正面引き付け",
        "Range": "全体"
      }
    ],
    "Element": "火",
    "Type": "なし",
    "Rarity": "URplus",
    "Part": 1,
    "GuerrillaModifier": 0.1,
    "Atk": 295,
    "Dex": 255,
    "Eng": 1840
  },
  {
    "Id": 57,
    "Name": "キュウちゃん",
    "Skills": [
      {
        "SkillType": "全属性軽減"
      }
    ],
    "Element": "水",
    "Type": "なし",
    "Rarity": "URplus",
    "Part": 1,
    "GuerrillaModifier": 0.1,
    "Atk": 260,
    "Dex": 300,
    "Eng": 1824
  },
  {
    "Id": 58,
    "Name": "創生のキラ",
    "Skills": [
      {
        "SkillType": "三色編成強化",
        "Modifier": 1.5
      }
    ],
    "Element": "水",
    "Type": "なし",
    "Rarity": "URplus",
    "Part": 1,
    "GuerrillaModifier": 0.1,
    "Atk": 265,
    "Dex": 280,
    "Eng": 2830
  },
  {
    "Id": 59,
    "Name": "カボカーニバル",
    "Element": "木",
    "Type": "なし",
    "Rarity": "URplus",
    "Part": 1,
    "GuerrillaModifier": 0.1,
    "Atk": 260,
    "Dex": 290,
    "Eng": 935
  },
  {
    "Id": 60,
    "Name": "破滅のファラ",
    "Skills": [
      {
        "SkillType": "オールキラー"
      }
    ],
    "Element": "木",
    "Type": "なし",
    "Rarity": "URplus",
    "Part": 1,
    "GuerrillaModifier": 0.1,
    "Atk": 300,
    "Dex": 204,
    "Eng": 2108
  },
  {
    "Id": 61,
    "Name": "転生のシェラ",
    "Skills": [
      {
        "SkillType": "全属性軽減"
      }
    ],
    "Element": "火",
    "Type": "なし",
    "Rarity": "LR",
    "Part": 1,
    "GuerrillaModifier": 0.1,
    "Atk": 380,
    "Dex": 460,
    "Eng": 3800
  },
  {
    "Id": 62,
    "Name": "ガルゴグイーン",
    "Skills": [
      {
        "SkillType": "属性強化",
        "Element": "水",
        "Range": "全体",
        "Modifier": 2.5
      }
    ],
    "Element": "火",
    "Type": "なし",
    "Rarity": "LR",
    "Part": 1,
    "GuerrillaModifier": 0.1,
    "Atk": 580,
    "Dex": 170,
    "Eng": 5600
  },
  {
    "Id": 63,
    "Name": "ノーワーカー",
    "Skills": [
      {
        "SkillType": "属性強化",
        "Element": "木",
        "Range": "全体",
        "Modifier": 2.5
      },
      {
        "SkillType": "全属性軽減"
      }
    ],
    "Element": "水",
    "Type": "なし",
    "Rarity": "LR",
    "Part": 1,
    "GuerrillaModifier": 0.1,
    "Atk": 348,
    "Dex": 624,
    "Eng": 3700
  },
  {
    "Id": 64,
    "Name": "覚醒みここ",
    "Skills": [
      {
        "SkillType": "正面引き付け",
        "Range": "全体"
      },
      {
        "SkillType": "正面攻撃",
        "Range": "全体"
      },
      {
        "SkillType": "特定社員強化",
        "Range": "全体",
        "Modifier": 3,
        "Buddys": [ 26, 50 ]
      }
    ],
    "Element": "水",
    "Type": "なし",
    "Rarity": "LR",
    "Part": 1,
    "GuerrillaModifier": 0.15,
    "Atk": 650,
    "Dex": 450,
    "Eng": 4100
  },
  {
    "Id": 65,
    "Name": "ガイアピーサー",
    "Skills": [
      {
        "SkillType": "属性強化",
        "Element": "火",
        "Range": "全体",
        "Modifier": 2.5
      }
    ],
    "Element": "木",
    "Type": "なし",
    "Rarity": "LR",
    "Part": 1,
    "GuerrillaModifier": 0.1,
    "Atk": 440,
    "Dex": 420,
    "Eng": 3900
  },
  {
    "Id": 66,
    "Name": "無の形アザー",
    "Skills": [
      {
        "SkillType": "CT確定",
        "Range": "自分"
      },
      {
        "SkillType": "被CT確定"
      }
    ],
    "Element": "木",
    "Type": "なし",
    "Rarity": "LR",
    "Part": 1,
    "GuerrillaModifier": 0.1,
    "Atk": 620,
    "Dex": 260,
    "Eng": 6800
  },
  {
    "Id": 67,
    "Name": "時間の奏者アキ",
    "Skills": [
      {
        "SkillType": "特定社員強化",
        "Range": "自分",
        "Modifier": 2,
        "Buddys": [ 69 ]
      }
    ],
    "Element": "火",
    "Type": "なし",
    "Rarity": "LRplus",
    "Part": 1,
    "GuerrillaModifier": 0.1,
    "Atk": 620,
    "Dex": 580,
    "Eng": 8200
  },
  {
    "Id": 68,
    "Name": "ライフイーター",
    "Element": "火",
    "Type": "なし",
    "Rarity": "LRplus",
    "Part": 1,
    "GuerrillaModifier": 0.1,
    "Atk": 1512,
    "Dex": 7,
    "Eng": 98530
  },
  {
    "Id": 69,
    "Name": "空間の奏者ユキ",
    "Skills": [
      {
        "SkillType": "特定社員強化",
        "Range": "自分",
        "Modifier": 2,
        "Buddys": [ 67 ]
      }
    ],
    "Element": "水",
    "Type": "なし",
    "Rarity": "LRplus",
    "Part": 1,
    "GuerrillaModifier": 0.1,
    "Atk": 580,
    "Dex": 620,
    "Eng": 7800
  },
  {
    "Id": 70,
    "Name": "可能性の鏡キラ",
    "Skills": [
      {
        "SkillType": "三色編成強化",
        "Modifier": 2
      }
    ],
    "Element": "水",
    "Type": "なし",
    "Rarity": "LRplus",
    "Part": 1,
    "GuerrillaModifier": 0.1,
    "Atk": 380,
    "Dex": 670,
    "Eng": 42500
  },
  {
    "Id": 71,
    "Name": "門を開く者ミカ",
    "Element": "木",
    "Type": "なし",
    "Rarity": "LRplus",
    "Part": 1,
    "GuerrillaModifier": 0.1,
    "Atk": 684,
    "Dex": 1224,
    "Eng": 3200
  },
  {
    "Id": 72,
    "Name": "アルカアナザー",
    "Skills": [
      {
        "SkillType": "CT確定",
        "Range": "自分"
      },
      {
        "SkillType": "オールキラー"
      },
      {
        "SkillType": "特定社員強化",
        "Range": "自分",
        "Modifier": 0.2,
        "Buddys": [ 105, 148 ]
      }
    ],
    "Element": "木",
    "Type": "なし",
    "Rarity": "LRplus",
    "Part": 1,
    "GuerrillaModifier": 0.1,
    "Atk": 1190,
    "Dex": 1440,
    "Eng": 9800
  },
  {
    "Id": 72,
    "EvolState": 1,
    "Name": "アルカアナザーif",
    "Skills": [
      {
        "SkillType": "CT回避",
        "Range": "自分"
      },
      {
        "SkillType": "全属性軽減"
      },
      {
        "SkillType": "特定社員強化",
        "Range": "自分",
        "Modifier": 0.2,
        "Buddys": [ 105, 148 ]
      }
    ],
    "Element": "木",
    "Type": "なし",
    "Rarity": "LRplus",
    "Part": 1,
    "GuerrillaModifier": 0.1,
    "Atk": 1295,
    "Dex": 1160,
    "Eng": 16800
  },
  {
    "Id": 72,
    "EvolState": 2,
    "Name": "アルカアナザーVer.F",
    "Skills": [
      {
        "SkillType": "CT確定",
        "Range": "自分"
      },
      {
        "SkillType": "オールキラー"
      },
      {
        "SkillType": "CT回避",
        "Range": "自分"
      },
      {
        "SkillType": "全属性軽減"
      },
      {
        "SkillType": "特定社員強化",
        "Range": "自分",
        "Modifier": 0.2,
        "Buddys": [ 105, 148 ]
      },
      {
        "SkillType": "特定社員強化",
        "Range": "自分",
        "Modifier": 0.4,
        "Buddys": [ 75, 162 ]
      }
    ],
    "Element": "木",
    "Type": "なし",
    "Rarity": "LRplus",
    "Part": 1,
    "GuerrillaModifier": 0.1,
    "Atk": 1295,
    "Dex": 1440,
    "Eng": 18800
  },
  {
    "Id": 73,
    "Name": "覚醒ねこま",
    "Skills": [
      {
        "SkillType": "属性強化",
        "Element": "火",
        "Range": "全体",
        "Modifier": 2
      },
      {
        "SkillType": "属性強化",
        "Element": "水",
        "Range": "全体",
        "Modifier": 2.5
      },
      {
        "SkillType": "正面引き付け",
        "Range": "全体"
      }
    ],
    "Element": "火",
    "Type": "なし",
    "Rarity": "LXR",
    "Part": 1,
    "GuerrillaModifier": 0.1,
    "Atk": 1110,
    "Dex": 980,
    "Eng": 17500
  },
  {
    "Id": 74,
    "Name": "魔王みここ",
    "Skills": [
      {
        "SkillType": "属性軽減",
        "Modifier": 0.25,
        "Element": "木"
      },
      {
        "SkillType": "特定社員強化",
        "Range": "全体",
        "Modifier": 1.5,
        "Buddys": [ 64, 73 ]
      }
    ],
    "Element": "火",
    "Type": "なし",
    "Rarity": "LXR",
    "Part": 1,
    "GuerrillaModifier": 0.1,
    "Atk": 1070,
    "Dex": 970,
    "Eng": 16000
  },
  {
    "Id": 74,
    "EvolState": 1,
    "Name": "新生魔王みここ",
    "Skills": [
      {
        "SkillType": "属性軽減",
        "Modifier": 0.2,
        "Element": "木"
      },
      {
        "SkillType": "特定社員強化",
        "Range": "全体",
        "Modifier": 2,
        "Buddys": [ 64, 73 ]
      }
    ],
    "Element": "火",
    "Type": "なし",
    "Rarity": "LXR",
    "Part": 1,
    "GuerrillaModifier": 0.1,
    "Atk": 1100,
    "Dex": 990,
    "Eng": 16000
  },
  {
    "Id": 75,
    "Name": "こあくま",
    "Skills": [
      {
        "SkillType": "正面攻撃",
        "Range": "全体"
      },
      {
        "SkillType": "特定社員強化",
        "Range": "全体",
        "Modifier": 2,
        "Buddys": [ 72 ]
      }
    ],
    "Element": "水",
    "Type": "なし",
    "Rarity": "LXR",
    "Part": 1,
    "GuerrillaModifier": 0.1,
    "Atk": 1020,
    "Dex": 970,
    "Eng": 32000
  },
  {
    "Id": 75,
    "EvolState": 1,
    "Name": "こあくまVer.Ba",
    "Skills": [
      {
        "SkillType": "正面攻撃",
        "Range": "全体"
      },
      {
        "SkillType": "特定社員強化",
        "Range": "全体",
        "Modifier": 2.5,
        "Buddys": [ 72 ]
      }
    ],
    "Element": "水",
    "Type": "なし",
    "Rarity": "LXR",
    "Part": 1,
    "GuerrillaModifier": 0.1,
    "Atk": 1056,
    "Dex": 1010,
    "Eng": 34000
  },
  {
    "Id": 76,
    "Name": "茄子巫女こなす",
    "Skills": [
      {
        "SkillType": "属性軽減",
        "Modifier": 0.25,
        "Element": "火"
      },
      {
        "SkillType": "こなす",
        "Range": "全体",
        "Modifier": 2.5
      }
    ],
    "Element": "水",
    "Type": "なし",
    "Rarity": "LXR",
    "Part": 1,
    "GuerrillaModifier": 0.1,
    "Atk": 880,
    "Dex": 940,
    "Eng": 9500
  },
  {
    "Id": 76,
    "EvolState": 1,
    "Name": "最強装備こなす",
    "Skills": [
      {
        "SkillType": "属性軽減",
        "Modifier": 0.2,
        "Element": "火"
      },
      {
        "SkillType": "こなす",
        "Range": "全体",
        "Modifier": 3
      }
    ],
    "Element": "水",
    "Type": "なし",
    "Rarity": "LXR",
    "Part": 1,
    "GuerrillaModifier": 0.1,
    "Atk": 990,
    "Dex": 1060,
    "Eng": 9500
  },
  {
    "Id": 77,
    "Name": "センセー",
    "Skills": [
      {
        "SkillType": "属性強化",
        "Element": "木",
        "Range": "全体",
        "Modifier": 1.5
      },
      {
        "SkillType": "属性強化",
        "Element": "水",
        "Range": "全体",
        "Modifier": 1.5
      },
      {
        "SkillType": "CT回避",
        "Range": "全体"
      }
    ],
    "Element": "木",
    "Type": "なし",
    "Rarity": "LXR",
    "Part": 1,
    "GuerrillaModifier": 0.1,
    "Atk": 950,
    "Dex": 1620,
    "Eng": 28000
  },
  {
    "Id": 78,
    "Name": "ごく普通のシカ",
    "Skills": [
      {
        "SkillType": "属性軽減",
        "Modifier": 0.25,
        "Element": "水"
      },
      {
        "SkillType": "二人強化",
        "Modifier": 2.5
      },
      {
        "SkillType": "一人強化",
        "Modifier": 6
      }
    ],
    "Element": "木",
    "Type": "なし",
    "Rarity": "LXR",
    "Part": 1,
    "GuerrillaModifier": 0.1,
    "Atk": 875,
    "Dex": 4800,
    "Eng": 2450
  },
  {
    "Id": 78,
    "EvolState": 1,
    "Name": "二足歩行のシカ",
    "Skills": [
      {
        "SkillType": "属性軽減",
        "Modifier": 0.2,
        "Element": "水"
      },
      {
        "SkillType": "二人強化",
        "Modifier": 3
      },
      {
        "SkillType": "一人強化",
        "Modifier": 7
      }
    ],
    "Element": "木",
    "Type": "なし",
    "Rarity": "LXR",
    "Part": 1,
    "GuerrillaModifier": 0.1,
    "Atk": 975,
    "Dex": 5150,
    "Eng": 2450
  },
  {
    "Id": 79,
    "Name": "ドンドラゴンif",
    "Skills": [
      {
        "SkillType": "タイプ強化",
        "Range": "全体",
        "Modifier": 1.5,
        "Type": "飛翔"
      }
    ],
    "Element": "火",
    "Type": "飛翔",
    "Rarity": "HV",
    "Part": 2,
    "GuerrillaModifier": 0.1,
    "Atk": 970,
    "Dex": 780,
    "Eng": 14000
  },
  {
    "Id": 80,
    "Name": "戦国みここ",
    "Skills": [
      {
        "SkillType": "三色編成強化",
        "Modifier": 1.5
      },
      {
        "SkillType": "CT回避",
        "Range": "全体"
      }
    ],
    "Element": "火",
    "Type": "けもみみ",
    "Rarity": "HV",
    "Part": 2,
    "GuerrillaModifier": 0.1,
    "Atk": 1220,
    "Dex": 980,
    "Eng": 24000
  },
  {
    "Id": 80,
    "EvolState": 1,
    "Name": "戦国みここFB",
    "Skills": [
      {
        "SkillType": "三色編成強化",
        "Modifier": 2
      },
      {
        "SkillType": "CT回避",
        "Range": "全体"
      }
    ],
    "Element": "火",
    "Type": "けもみみ",
    "Rarity": "HV",
    "Part": 2,
    "GuerrillaModifier": 0.1,
    "Atk": 1350,
    "Dex": 1080,
    "Eng": 24000
  },
  {
    "Id": 81,
    "Name": "ジョシュ",
    "Skills": [
      {
        "SkillType": "タイプ軽減",
        "Modifier": 0.2,
        "Type": "支援"
      }
    ],
    "Element": "水",
    "Type": "支援",
    "Rarity": "HV",
    "Part": 2,
    "GuerrillaModifier": 0.1,
    "Atk": 800,
    "Dex": 1520,
    "Eng": 14500
  },
  {
    "Id": 82,
    "Name": "エールバイト",
    "Skills": [
      {
        "SkillType": "属性強化",
        "Element": "火",
        "Range": "右",
        "Modifier": 2.5
      }
    ],
    "Element": "水",
    "Type": "飛翔",
    "Rarity": "HV",
    "Part": 2,
    "GuerrillaModifier": 0.1,
    "Atk": 996,
    "Dex": 1104,
    "Eng": 32000
  },
  {
    "Id": 83,
    "Name": "レビューメイド",
    "Skills": [
      {
        "SkillType": "全属性軽減"
      },
      {
        "SkillType": "CT確定",
        "Range": "全体"
      }
    ],
    "Element": "木",
    "Type": "支援",
    "Rarity": "HV",
    "Part": 2,
    "GuerrillaModifier": 0.1,
    "Atk": 720,
    "Dex": 2280,
    "Eng": 22200
  },
  {
    "Id": 84,
    "Name": "飛丸",
    "Skills": [
      {
        "SkillType": "タイプキラー",
        "Modifier": 3,
        "Type": "飛翔"
      },
      {
        "SkillType": "タイプCT確定",
        "Type": "飛翔"
      }
    ],
    "Element": "木",
    "Type": "飛翔",
    "Rarity": "HV",
    "Part": 2,
    "GuerrillaModifier": 0.1,
    "Atk": 1212,
    "Dex": 308,
    "Eng": 15500
  },
  {
    "Id": 85,
    "Name": "パトラクレア",
    "Skills": [
      {
        "SkillType": "タイプキラー",
        "Modifier": 3,
        "Type": "悪魔"
      },
      {
        "SkillType": "タイプCT確定",
        "Type": "悪魔"
      }
    ],
    "Element": "火",
    "Type": "神",
    "Rarity": "HVplus",
    "Part": 2,
    "GuerrillaModifier": 0.1,
    "Atk": 990,
    "Dex": 3180,
    "Eng": 32000
  },
  {
    "Id": 86,
    "Name": "忍魔隊ヒコ",
    "Skills": [
      {
        "SkillType": "属性強化",
        "Element": "火",
        "Range": "全体",
        "Modifier": 1.5
      },
      {
        "SkillType": "タイプ強化",
        "Range": "全体",
        "Modifier": 1.5,
        "Type": "スピード"
      }
    ],
    "Element": "火",
    "Type": "スピード",
    "Rarity": "HVplus",
    "Part": 2,
    "GuerrillaModifier": 0.1,
    "Atk": 1430,
    "Dex": 670,
    "Eng": 9500
  },
  {
    "Id": 87,
    "Name": "無の創造マザー",
    "Skills": [
      {
        "SkillType": "タイプ軽減",
        "Modifier": 0.2,
        "Type": "スピード"
      }
    ],
    "Element": "水",
    "Type": "悪魔",
    "Rarity": "HVplus",
    "Part": 2,
    "GuerrillaModifier": 0.1,
    "Atk": 1536,
    "Dex": 1155,
    "Eng": 38000
  },
  {
    "Id": 88,
    "Name": "忍魔隊ミコ",
    "Skills": [
      {
        "SkillType": "属性強化",
        "Element": "水",
        "Range": "全体",
        "Modifier": 1.5
      },
      {
        "SkillType": "タイプ強化",
        "Range": "全体",
        "Modifier": 1.5,
        "Type": "スピード"
      }
    ],
    "Element": "水",
    "Type": "スピード",
    "Rarity": "HVplus",
    "Part": 2,
    "GuerrillaModifier": 0.1,
    "Atk": 1380,
    "Dex": 1180,
    "Eng": 8800
  },
  {
    "Id": 89,
    "Name": "天極邪神クロコ",
    "Skills": [
      {
        "SkillType": "属性強化",
        "Element": "水",
        "Range": "右",
        "Modifier": 2.5
      }
    ],
    "Element": "木",
    "Type": "悪魔",
    "Rarity": "HVplus",
    "Part": 2,
    "GuerrillaModifier": 0.1,
    "Atk": 1400,
    "Dex": 820,
    "Eng": 29000
  },
  {
    "Id": 90,
    "Name": "忍魔隊キコ",
    "Skills": [
      {
        "SkillType": "属性強化",
        "Element": "木",
        "Range": "全体",
        "Modifier": 1.5
      },
      {
        "SkillType": "タイプ強化",
        "Range": "全体",
        "Modifier": 1.5,
        "Type": "スピード"
      }
    ],
    "Element": "木",
    "Type": "スピード",
    "Rarity": "HVplus",
    "Part": 2,
    "GuerrillaModifier": 0.1,
    "Atk": 1340,
    "Dex": 1380,
    "Eng": 8200
  },
  {
    "Id": 91,
    "Name": "アルカオルタ",
    "Skills": [
      {
        "SkillType": "特定社員強化_進化指定",
        "Range": "自分",
        "Modifier": 5,
        "Buddys": [ 75 ],
        "BuddyEvolState": 0
      },
      {
        "SkillType": "特定社員強化_進化指定",
        "Range": "自分",
        "Modifier": 6,
        "Buddys": [ 75 ],
        "BuddyEvolState": 1
      },
      {
        "SkillType": "正面引き付け",
        "Range": "全体"
      }
    ],
    "Element": "火",
    "Type": "変革",
    "Rarity": "HXV",
    "Part": 2,
    "GuerrillaModifier": 0.1,
    "Atk": 1460,
    "Dex": 470,
    "Eng": 38800
  },
  {
    "Id": 92,
    "Name": "シャインバイト",
    "Skills": [
      {
        "SkillType": "一色編成強化",
        "Modifier": 3,
        "Element": "火"
      }
    ],
    "Element": "火",
    "Type": "飛翔",
    "Rarity": "HXV",
    "Part": 2,
    "GuerrillaModifier": 0.1,
    "Atk": 950,
    "Dex": 1770,
    "Eng": 31500
  },
  {
    "Id": 93,
    "Name": "ハローワーカー",
    "Skills": [
      {
        "SkillType": "属性強化",
        "Element": "木",
        "Range": "右",
        "Modifier": 2.5
      }
    ],
    "Element": "水",
    "Type": "悪魔",
    "Rarity": "HXV",
    "Part": 2,
    "GuerrillaModifier": 0.1,
    "Atk": 880,
    "Dex": 3320,
    "Eng": 27000
  },
  {
    "Id": 94,
    "Name": "のらきゃっと",
    "Skills": [
      {
        "SkillType": "タイプキラー",
        "Modifier": 2,
        "Type": "支援"
      },
      {
        "SkillType": "タイプキラー",
        "Modifier": 2,
        "Type": "飛翔"
      },
      {
        "SkillType": "タイプキラー",
        "Modifier": 2,
        "Type": "変革"
      },
      {
        "SkillType": "三色編成強化",
        "Modifier": 2
      }
    ],
    "Element": "水",
    "Type": "けもみみ",
    "Rarity": "HXV",
    "Part": 2,
    "GuerrillaModifier": 0.1,
    "Atk": 1725,
    "Dex": 885,
    "Eng": 47000
  },
  {
    "Id": 94,
    "EvolState": 1,
    "Name": "のらきゃっとBM",
    "Skills": [
      {
        "SkillType": "タイプキラー",
        "Modifier": 2.5,
        "Type": "支援"
      },
      {
        "SkillType": "タイプキラー",
        "Modifier": 2.5,
        "Type": "飛翔"
      },
      {
        "SkillType": "タイプキラー",
        "Modifier": 2.5,
        "Type": "変革"
      },
      {
        "SkillType": "三色編成強化",
        "Modifier": 2.5
      }
    ],
    "Element": "水",
    "Type": "けもみみ",
    "Rarity": "HXV",
    "Part": 2,
    "GuerrillaModifier": 0.1,
    "Atk": 1840,
    "Dex": 885,
    "Eng": 47000
  },
  {
    "Id": 95,
    "Name": "おーこくねずみ",
    "Skills": [
      {
        "SkillType": "CT確定",
        "Range": "右"
      },
      {
        "SkillType": "タイプ強化",
        "Range": "右",
        "Modifier": 3,
        "Type": "けもみみ"
      }
    ],
    "Element": "木",
    "Type": "けもみみ",
    "Rarity": "HXV",
    "Part": 2,
    "GuerrillaModifier": 0.1,
    "Atk": 1440,
    "Dex": 3020,
    "Eng": 12500
  },
  {
    "Id": 96,
    "Name": "絵猫魔くる",
    "Skills": [
      {
        "SkillType": "くる",
        "Range": "全体",
        "Modifier": 1.5
      },
      {
        "SkillType": "タイプ軽減",
        "Modifier": 0.25,
        "Type": "悪魔"
      }
    ],
    "Element": "木",
    "Type": "けもみみ",
    "Rarity": "HXV",
    "Part": 2,
    "GuerrillaModifier": 0.1,
    "Atk": 820,
    "Dex": 3940,
    "Eng": 17500
  },
  {
    "Id": 96,
    "Name": "覚醒絵猫魔くる",
    "EvolState": 1,
    "Skills": [
      {
        "SkillType": "くる",
        "Range": "全体",
        "Modifier": 2
      },
      {
        "SkillType": "タイプ軽減",
        "Modifier": 0.2,
        "Type": "悪魔"
      }
    ],
    "Element": "木",
    "Type": "けもみみ",
    "Rarity": "HXV",
    "Part": 2,
    "GuerrillaModifier": 0.1,
    "Atk": 1120,
    "Dex": 4570,
    "Eng": 17500
  },
  {
    "Id": 97,
    "Name": "屍鬼",
    "Skills": [
      {
        "SkillType": "タイプキラー",
        "Modifier": 2,
        "Type": "神"
      },
      {
        "SkillType": "タイプキラー",
        "Modifier": 2,
        "Type": "悪魔"
      },
      {
        "SkillType": "属性強化",
        "Element": "火",
        "Range": "全体",
        "Modifier": 1.5
      }
    ],
    "Element": "火",
    "Type": "悪魔",
    "Rarity": "HXVplus",
    "Part": 2,
    "GuerrillaModifier": 0.1,
    "Atk": 1540,
    "Dex": 870,
    "Eng": 22500
  },
  {
    "Id": 97,

    "Name": "覚醒屍鬼",
    "EvolState": 1,
    "Skills": [
      {
        "SkillType": "タイプキラー",
        "Modifier": 2.5,
        "Type": "神"
      },
      {
        "SkillType": "タイプキラー",
        "Modifier": 2.5,
        "Type": "悪魔"
      },
      {
        "SkillType": "タイプキラー",
        "Modifier": 2.5,
        "Type": "変革"
      },
      {
        "SkillType": "タイプキラー",
        "Modifier": 2.5,
        "Type": "スピード"
      },
      {
        "SkillType": "属性強化",
        "Element": "火",
        "Range": "全体",
        "Modifier": 2
      },
      {
        "SkillType": "属性強化",
        "Element": "水",
        "Range": "全体",
        "Modifier": 2
      },
      {
        "SkillType": "属性強化",
        "Element": "木",
        "Range": "全体",
        "Modifier": 2
      }
    ],
    "Element": "火",
    "Type": "悪魔",
    "Rarity": "HXVplus",
    "Part": 2,
    "GuerrillaModifier": 0.1,
    "Atk": 1900,
    "Dex": 990,
    "Eng": 22500
  },
  {
    "Id": 98,
    "Name": "ラビリンス",
    "Skills": [
      {
        "SkillType": "CT回避",
        "Range": "全体"
      },
      {
        "SkillType": "タイプ強化",
        "Range": "全体",
        "Modifier": 2,
        "Type": "悪魔"
      }
    ],
    "Element": "火",
    "Type": "悪魔",
    "Rarity": "HXVplus",
    "Part": 2,
    "GuerrillaModifier": 0.1,
    "Atk": 1430,
    "Dex": 3600,
    "Eng": 16600
  },
  {
    "Id": 99,
    "Name": "ナーガ姉妹",
    "Skills": [
      {
        "SkillType": "一色編成強化",
        "Modifier": 3,
        "Element": "水"
      }
    ],
    "Element": "水",
    "Type": "支援",
    "Rarity": "HXVplus",
    "Part": 2,
    "GuerrillaModifier": 0.1,
    "Atk": 920,
    "Dex": 2670,
    "Eng": 38000
  },
  {
    "Id": 100,
    "Name": "のらきゃっとSS",
    "Skills": [
      {
        "SkillType": "属性強化",
        "Element": "水",
        "Range": "自分",
        "Modifier": 3
      },
      {
        "SkillType": "CT確定",
        "Range": "自分"
      },
      {
        "SkillType": "属性別タイプキラー",
        "Modifier": 2.5,
        "Type": "変革"
      }
    ],
    "Element": "水",
    "Type": "けもみみ",
    "Rarity": "HXVplus",
    "Part": 2,
    "GuerrillaModifier": 0.1,
    "Atk": 2210,
    "Dex": 330,
    "Eng": 124000
  },
  {
    "Id": 101,
    "Name": "柚子花",
    "Skills": [
      {
        "SkillType": "タイプ軽減",
        "Modifier": 0.25,
        "Type": "飛翔"
      },
      {
        "SkillType": "CT確定",
        "Range": "全体"
      }
    ],
    "Element": "木",
    "Type": "変革",
    "Rarity": "HXVplus",
    "Part": 2,
    "GuerrillaModifier": 0.1,
    "Atk": 1380,
    "Dex": 3900,
    "Eng": 350
  },
  {
    "Id": 101,
    "EvolState": 1,
    "Name": "覚醒柚子花",
    "Skills": [
      {
        "SkillType": "タイプ軽減",
        "Modifier": 0.2,
        "Type": "飛翔"
      },
      {
        "SkillType": "CT確定",
        "Range": "全体"
      }
    ],
    "Element": "木",
    "Type": "変革",
    "Rarity": "HXVplus",
    "Part": 2,
    "GuerrillaModifier": 0.1,
    "Atk": 1480,
    "Dex": 4900,
    "Eng": 350
  },
  {
    "Id": 102,
    "Name": "アレグリアス",
    "Skills": [
      {
        "SkillType": "一色編成強化",
        "Modifier": 3,
        "Element": "木"
      }
    ],
    "Element": "木",
    "Type": "支援",
    "Rarity": "HXVplus",
    "Part": 2,
    "GuerrillaModifier": 0.1,
    "Atk": 400,
    "Dex": 3400,
    "Eng": 74000
  },
  {
    "Id": 103,
    "Name": "忍魔炎頭キツネ",
    "Skills": [
      {
        "SkillType": "タイプキラー",
        "Modifier": 3,
        "Type": "支援"
      },
      {
        "SkillType": "タイプCT確定",
        "Type": "支援"
      }
    ],
    "Element": "火",
    "Type": "スピード",
    "Rarity": "SHV",
    "Part": 2,
    "GuerrillaModifier": 0.1,
    "Atk": 1480,
    "Dex": 970,
    "Eng": 12500
  },
  {
    "Id": 104,
    "Name": "ライフイーターif",
    "Skills": [
      {
        "SkillType": "CT確定",
        "Range": "自分"
      },
      {
        "SkillType": "被CT確定"
      }
    ],
    "Element": "火",
    "Type": "ブラック",
    "Rarity": "SHV",
    "Part": 2,
    "GuerrillaModifier": 0.1,
    "Atk": 4200,
    "Dex": 2,
    "Eng": 218000
  },
  {
    "Id": 105,
    "Name": "りとるこあくま",
    "Skills": [
      {
        "SkillType": "特定社員強化",
        "Range": "全体",
        "Modifier": 5,
        "Buddys": [ 72 ]
      }
    ],
    "Element": "水",
    "Type": "変革",
    "Rarity": "SHV",
    "Part": 2,
    "GuerrillaModifier": 0.1,
    "Atk": 1365,
    "Dex": 1000,
    "Eng": 13700
  },
  {
    "Id": 106,
    "Name": "ソウルイーターif",
    "Skills": [
      {
        "SkillType": "タイプキラー",
        "Modifier": 3,
        "Type": "神"
      },
      {
        "SkillType": "タイプCT確定",
        "Type": "神"
      }
    ],
    "Element": "水",
    "Type": "ブラック",
    "Rarity": "SHV",
    "Part": 2,
    "GuerrillaModifier": 0.1,
    "Atk": 1580,
    "Dex": 1670,
    "Eng": 114000
  },
  {
    "Id": 107,
    "Name": "双極の器マザー",
    "Skills": [
      {
        "SkillType": "CT確定",
        "Range": "右"
      },
      {
        "SkillType": "タイプ強化",
        "Range": "右",
        "Modifier": 3.5,
        "Type": "ブラック"
      }
    ],
    "Element": "木",
    "Type": "ブラック",
    "Rarity": "SHV",
    "Part": 2,
    "GuerrillaModifier": 0.1,
    "Atk": 1550,
    "Dex": 1250,
    "Eng": 44000
  },
  {
    "Id": 108,
    "Name": "アーマードシカ",
    "Skills": [
      {
        "SkillType": "タイプ軽減",
        "Modifier": 0.2,
        "Type": "神"
      },
      {
        "SkillType": "一人強化",
        "Modifier": 12
      }
    ],
    "Element": "木",
    "Type": "飛翔",
    "Rarity": "SHV",
    "Part": 2,
    "GuerrillaModifier": 0.1,
    "Atk": 2230,
    "Dex": 150,
    "Eng": 2450
  },
  {
    "Id": 109,
    "Name": "転生のシェラif",
    "Skills": [
      {
        "SkillType": "タイプ軽減",
        "Modifier": 0.2,
        "Type": "ブラック"
      },
      {
        "SkillType": "タイプキラー",
        "Modifier": 3,
        "Type": "ブラック"
      }
    ],
    "Element": "火",
    "Type": "神",
    "Rarity": "SHVplus",
    "Part": 2,
    "GuerrillaModifier": 0.1,
    "Atk": 1580,
    "Dex": 1580,
    "Eng": 78000
  },
  {
    "Id": 110,
    "Name": "山吹奈々",
    "Skills": [
      {
        "SkillType": "タイプキラー",
        "Modifier": 2.5,
        "Type": "神"
      },
      {
        "SkillType": "タイプキラー",
        "Modifier": 2.5,
        "Type": "ブラック"
      },
      {
        "SkillType": "特定社員強化",
        "Range": "全体",
        "Modifier": 6,
        "Buddys": [ 79 ]
      }
    ],
    "Element": "火",
    "Type": "変革",
    "Rarity": "SHVplus",
    "Part": 2,
    "GuerrillaModifier": 0.1,
    "Atk": 1400,
    "Dex": 5380,
    "Eng": 7700
  },
  {
    "Id": 111,
    "Name": "創生のキラif",
    "Skills": [
      {
        "SkillType": "タイプキラー",
        "Modifier": 3,
        "Type": "ブラック"
      },
      {
        "SkillType": "属性強化",
        "Element": "火",
        "Range": "全体",
        "Modifier": 2
      },
      {
        "SkillType": "属性強化",
        "Element": "水",
        "Range": "全体",
        "Modifier": 2
      },
      {
        "SkillType": "属性強化",
        "Element": "木",
        "Range": "全体",
        "Modifier": 2
      }
    ],
    "Element": "水",
    "Type": "神",
    "Rarity": "SHVplus",
    "Part": 2,
    "GuerrillaModifier": 0.1,
    "Atk": 1250,
    "Dex": 2550,
    "Eng": 165000
  },
  {
    "Id": 112,
    "Name": "リピドイーター",
    "Skills": [
      {
        "SkillType": "タイプキラー",
        "Modifier": 3,
        "Type": "変革"
      },
      {
        "SkillType": "タイプCT確定",
        "Type": "変革"
      }
    ],
    "Element": "水",
    "Type": "ブラック",
    "Rarity": "SHVplus",
    "Part": 2,
    "GuerrillaModifier": 0.1,
    "Atk": 2040,
    "Dex": 2370,
    "Eng": 98000
  },
  {
    "Id": 113,
    "Name": "破滅のファラif",
    "Skills": [
      {
        "SkillType": "タイプキラー",
        "Modifier": 3,
        "Type": "ブラック"
      },
      {
        "SkillType": "CT確定",
        "Range": "全体"
      }
    ],
    "Element": "木",
    "Type": "神",
    "Rarity": "SHVplus",
    "Part": 2,
    "GuerrillaModifier": 0.1,
    "Atk": 2190,
    "Dex": 870,
    "Eng": 11600
  },
  {
    "Id": 114,
    "Name": "進藤岬",
    "Skills": [
      {
        "SkillType": "属性強化",
        "Element": "木",
        "Range": "全体",
        "Modifier": 2
      },
      {
        "SkillType": "タイプ軽減",
        "Modifier": 0.2,
        "Type": "変革"
      },
      {
        "SkillType": "CT回避",
        "Range": "全体"
      },
      {
        "SkillType": "オールキラー"
      },
      {
        "SkillType": "全属性軽減"
      }
    ],
    "Element": "木",
    "Type": "変革",
    "Rarity": "SHVplus",
    "Part": 2,
    "GuerrillaModifier": 0.1,
    "Atk": 1490,
    "Dex": 6260,
    "Eng": 6500
  },
  {
    "Id": 115,
    "Name": "姫榊みみ＆うい",
    "Skills": [
      {
        "SkillType": "属性強化",
        "Element": "火",
        "Range": "全体",
        "Modifier": 2.5
      },
      {
        "SkillType": "属性強化",
        "Element": "水",
        "Range": "全体",
        "Modifier": 2.5
      },
      {
        "SkillType": "正面攻撃",
        "Range": "自分"
      },
      {
        "SkillType": "属性別タイプキラー",
        "Modifier": 2,
        "Type": "飛翔"
      }
    ],
    "Element": "火",
    "Type": "なし",
    "Rarity": "LXRplus",
    "Part": 1,
    "GuerrillaModifier": 0.1,
    "Atk": 1070,
    "Dex": 1300,
    "Eng": 13400
  },
  {
    "Id": 116,
    "Name": "犬塚いちご",
    "Skills": [
      {
        "SkillType": "属性軽減",
        "Modifier": 0.25,
        "Element": "木"
      },
      {
        "SkillType": "CT確定",
        "Range": "全体"
      }
    ],
    "Element": "火",
    "Type": "なし",
    "Rarity": "LXRplus",
    "Part": 1,
    "GuerrillaModifier": 0.1,
    "Atk": 1130,
    "Dex": 980,
    "Eng": 11200
  },
  {
    "Id": 117,
    "Name": "鯨野アイカ",
    "Skills": [
      {
        "SkillType": "属性強化",
        "Element": "水",
        "Range": "全体",
        "Modifier": 2.5
      },
      {
        "SkillType": "正面引き付け",
        "Range": "全体"
      }
    ],
    "Element": "水",
    "Type": "なし",
    "Rarity": "LXRplus",
    "Part": 1,
    "GuerrillaModifier": 0.1,
    "Atk": 380,
    "Dex": 1340,
    "Eng": 9400
  },
  {
    "Id": 118,
    "Name": "オモチ",
    "Skills": [
      {
        "SkillType": "属性軽減",
        "Modifier": 0.25,
        "Element": "火"
      },
      {
        "SkillType": "属性強化",
        "Element": "火",
        "Range": "全体",
        "Modifier": 1.5
      },
      {
        "SkillType": "属性強化",
        "Element": "水",
        "Range": "全体",
        "Modifier": 1.5
      }
    ],
    "Element": "水",
    "Type": "なし",
    "Rarity": "LXRplus",
    "Part": 1,
    "GuerrillaModifier": 0.1,
    "Atk": 1020,
    "Dex": 1180,
    "Eng": 8200
  },
  {
    "Id": 119,
    "Name": "猫魔しろあ",
    "Skills": [
      {
        "SkillType": "属性軽減",
        "Modifier": 0.25,
        "Element": "水"
      },
      {
        "SkillType": "CT回避",
        "Range": "全体"
      }
    ],
    "Element": "木",
    "Type": "なし",
    "Rarity": "LXRplus",
    "Part": 1,
    "GuerrillaModifier": 0.1,
    "Atk": 1250,
    "Dex": 680,
    "Eng": 7300
  },
  {
    "Id": 120,
    "Name": "ExitMan",
    "Skills": [
      {
        "SkillType": "全員引き付け"
      },
      {
        "SkillType": "CT回避",
        "Range": "自分"
      },
      {
        "SkillType": "全属性軽減"
      }
    ],
    "Element": "木",
    "Type": "なし",
    "Rarity": "LXRplus",
    "Part": 1,
    "GuerrillaModifier": 0.1,
    "Atk": 100,
    "Dex": 3000,
    "Eng": 100
  },
  {
    "Id": 121,
    "Name": "ベアール",
    "Skills": [
      {
        "SkillType": "タイプ強化",
        "Range": "全体",
        "Modifier": 3,
        "Type": "悪魔"
      },
      {
        "SkillType": "タイプ強化",
        "Range": "全体",
        "Modifier": 3,
        "Type": "スピード"
      }
    ],
    "Element": "火",
    "Type": "悪魔",
    "Rarity": "UHV",
    "Part": 2,
    "GuerrillaModifier": 0.1,
    "Atk": 840,
    "Dex": 1380,
    "Eng": 23400
  },
  {
    "Id": 122,
    "Name": "勝利の赤ずきん",
    "Skills": [
      {
        "SkillType": "CT回避",
        "Range": "自分"
      },
      {
        "SkillType": "全属性軽減"
      },
      {
        "SkillType": "タイプキラー",
        "Modifier": 2.5,
        "Type": "飛翔"
      },
      {
        "SkillType": "タイプキラー",
        "Modifier": 2.5,
        "Type": "悪魔"
      }
    ],
    "Element": "火",
    "Type": "スピード",
    "Rarity": "UHV",
    "Part": 2,
    "GuerrillaModifier": 0.1,
    "Atk": 1570,
    "Dex": 1280,
    "Eng": 21300
  },
  {
    "Id": 123,
    "Name": "ドールダンサー",
    "Skills": [
      {
        "SkillType": "タイプ強化",
        "Range": "全体",
        "Modifier": 3,
        "Type": "飛翔"
      },
      {
        "SkillType": "タイプ強化",
        "Range": "全体",
        "Modifier": 3,
        "Type": "変革"
      }
    ],
    "Element": "水",
    "Type": "飛翔",
    "Rarity": "UHV",
    "Part": 2,
    "GuerrillaModifier": 0.1,
    "Atk": 1430,
    "Dex": 1080,
    "Eng": 13200
  },
  {
    "Id": 124,
    "Name": "ミル＆メル",
    "Skills": [
      {
        "SkillType": "タイプキラー",
        "Modifier": 2.5,
        "Type": "スピード"
      },
      {
        "SkillType": "属性強化",
        "Element": "火",
        "Range": "全体",
        "Modifier": 1.5
      },
      {
        "SkillType": "属性強化",
        "Element": "水",
        "Range": "全体",
        "Modifier": 1.5
      },
      {
        "SkillType": "CT回避",
        "Range": "全体"
      }
    ],
    "Element": "水",
    "Type": "変革",
    "Rarity": "UHV",
    "Part": 2,
    "GuerrillaModifier": 0.1,
    "Atk": 1350,
    "Dex": 1280,
    "Eng": 9200
  },
  {
    "Id": 125,
    "Name": "ゆびさしメイド",
    "Skills": [
      {
        "SkillType": "全員引き付け"
      },
      {
        "SkillType": "CT回避",
        "Range": "自分"
      },
      {
        "SkillType": "CT確定",
        "Range": "全体"
      }
    ],
    "Element": "木",
    "Type": "支援",
    "Rarity": "UHV",
    "Part": 2,
    "GuerrillaModifier": 0.1,
    "Atk": 1170,
    "Dex": 1280,
    "Eng": 18800
  },
  {
    "Id": 126,
    "Name": "ミスグラップラー",
    "Skills": [
      {
        "SkillType": "タイプキラー",
        "Modifier": 3,
        "Type": "スピード"
      },
      {
        "SkillType": "タイプCT確定",
        "Type": "スピード"
      }
    ],
    "Element": "木",
    "Type": "悪魔",
    "Rarity": "UHV",
    "Part": 2,
    "GuerrillaModifier": 0.1,
    "Atk": 1970,
    "Dex": 280,
    "Eng": 79800
  },
  {
    "Id": 127,
    "Name": "うつろ",
    "Skills": [
      {
        "SkillType": "属性強化",
        "Element": "火",
        "Range": "全体",
        "Modifier": 2
      },
      {
        "SkillType": "CT回避",
        "Range": "自分"
      },
      {
        "SkillType": "CT確定",
        "Range": "自分"
      }
    ],
    "Element": "火",
    "Type": "飛翔",
    "Rarity": "UHVplus",
    "Part": 2,
    "GuerrillaModifier": 0.1,
    "Atk": 1240,
    "Dex": 280,
    "Eng": 96600
  },
  {
    "Id": 128,
    "Name": "琴音アンナ",
    "Skills": [
      {
        "SkillType": "属性強化",
        "Element": "火",
        "Range": "全体",
        "Modifier": 1.3
      },
      {
        "SkillType": "全員引き付け"
      },
      {
        "SkillType": "CT回避",
        "Range": "自分"
      },
      {
        "SkillType": "全属性軽減"
      }
    ],
    "Element": "火",
    "Type": "支援",
    "Rarity": "UHVplus",
    "Part": 2,
    "GuerrillaModifier": 0.1,
    "Atk": 970,
    "Dex": 1520,
    "Eng": 4200
  },
  {
    "Id": 129,
    "Name": "アマビエ",
    "Skills": [
      {
        "SkillType": "タイプキラー",
        "Modifier": 2.5,
        "Type": "悪魔"
      },
      {
        "SkillType": "タイプキラー",
        "Modifier": 2.5,
        "Type": "ブラック"
      },
      {
        "SkillType": "属性強化",
        "Element": "水",
        "Range": "全体",
        "Modifier": 1.5
      },
      {
        "SkillType": "CT回避",
        "Range": "全体"
      }
    ],
    "Element": "水",
    "Type": "神",
    "Rarity": "UHVplus",
    "Part": 2,
    "GuerrillaModifier": 0.1,
    "Atk": 1380,
    "Dex": 1320,
    "Eng": 7400
  },
  {
    "Id": 130,
    "Name": "ラム",
    "Skills": [
      {
        "SkillType": "タイプキラー",
        "Modifier": 3,
        "Type": "飛翔"
      },
      {
        "SkillType": "CT確定",
        "Range": "全体"
      }
    ],
    "Element": "水",
    "Type": "変革",
    "Rarity": "UHVplus",
    "Part": 2,
    "GuerrillaModifier": 0.1,
    "Atk": 1570,
    "Dex": 680,
    "Eng": 12800
  },
  {
    "Id": 131,
    "Name": "クレア",
    "Skills": [
      {
        "SkillType": "属性強化",
        "Element": "木",
        "Range": "全体",
        "Modifier": 2
      },
      {
        "SkillType": "タイプ軽減",
        "Modifier": 0.2,
        "Type": "スピード"
      }
    ],
    "Element": "木",
    "Type": "変革",
    "Rarity": "UHVplus",
    "Part": 2,
    "GuerrillaModifier": 0.1,
    "Atk": 1220,
    "Dex": 1480,
    "Eng": 5100
  },
  {
    "Id": 132,
    "Name": "惡夜部はろん",
    "Skills": [
      {
        "SkillType": "タイプキラー",
        "Modifier": 2.5,
        "Type": "神"
      },
      {
        "SkillType": "タイプキラー",
        "Modifier": 2.5,
        "Type": "支援"
      },
      {
        "SkillType": "属性強化",
        "Element": "火",
        "Range": "全体",
        "Modifier": 1.5
      },
      {
        "SkillType": "属性強化",
        "Element": "水",
        "Range": "全体",
        "Modifier": 1.5
      },
      {
        "SkillType": "属性強化",
        "Element": "木",
        "Range": "全体",
        "Modifier": 1.5
      },
      {
        "SkillType": "CT確定",
        "Range": "右"
      }
    ],
    "Element": "木",
    "Type": "悪魔",
    "Rarity": "UHVplus",
    "Part": 2,
    "GuerrillaModifier": 0.1,
    "Atk": 1520,
    "Dex": 970,
    "Eng": 3800
  },
  {
    "Id": 132,
    "EvolState": 1,
    "Name": "覚醒惡夜部はろん",
    "Skills": [
      {
        "SkillType": "タイプキラー",
        "Modifier": 2.5,
        "Type": "神"
      },
      {
        "SkillType": "タイプキラー",
        "Modifier": 2.5,
        "Type": "支援"
      },
      {
        "SkillType": "属性強化",
        "Element": "火",
        "Range": "全体",
        "Modifier": 2
      },
      {
        "SkillType": "属性強化",
        "Element": "水",
        "Range": "全体",
        "Modifier": 2
      },
      {
        "SkillType": "属性強化",
        "Element": "木",
        "Range": "全体",
        "Modifier": 2
      },
      {
        "SkillType": "CT確定",
        "Range": "右"
      },
      {
        "SkillType": "CT確定",
        "Range": "自分"
      },
      {
        "SkillType": "CT回避",
        "Range": "自分"
      }
    ],
    "Element": "木",
    "Type": "悪魔",
    "Rarity": "UHVplus",
    "Part": 2,
    "GuerrillaModifier": 0.1,
    "Atk": 1830,
    "Dex": 970,
    "Eng": 3800
  },
  {
    "Id": 133,
    "Name": "天下の盗人",
    "Skills": [
      {
        "SkillType": "タイプキラー",
        "Modifier": 2.5,
        "Type": "悪魔"
      }
    ],
    "Element": "火",
    "Type": "スピード",
    "Rarity": "LHV",
    "Part": 2,
    "GuerrillaModifier": 0.1,
    "Atk": 1770,
    "Dex": 3900,
    "Eng": 2600
  },
  {
    "Id": 134,
    "Name": "デストロイヤー",
    "Skills": [
      {
        "SkillType": "デストロイヤー",
        "Modifier": 10
      },
      {
        "SkillType": "正面引き付け",
        "Range": "全体"
      },
      {
        "SkillType": "正面攻撃",
        "Range": "全体"
      }
    ],
    "Element": "火",
    "Type": "悪魔",
    "Rarity": "LHV",
    "Part": 2,
    "GuerrillaModifier": 0.1,
    "Atk": 1999,
    "Dex": 99,
    "Eng": 199999
  },
  {
    "Id": 135,
    "Name": "パーニー",
    "Skills": [
      {
        "SkillType": "タイプ強化",
        "Range": "全体",
        "Modifier": 3,
        "Type": "支援"
      },
      {
        "SkillType": "タイプ強化",
        "Range": "全体",
        "Modifier": 3,
        "Type": "神"
      }
    ],
    "Element": "水",
    "Type": "支援",
    "Rarity": "LHV",
    "Part": 2,
    "GuerrillaModifier": 0.1,
    "Atk": 1380,
    "Dex": 1460,
    "Eng": 12900
  },
  {
    "Id": 136,
    "Name": "アルナディアス",
    "Skills": [
      {
        "SkillType": "タイプキラー",
        "Modifier": 3,
        "Type": "神"
      },
      {
        "SkillType": "味方タイプ反応",
        "Modifier": 2,
        "Type": "悪魔"
      }
    ],
    "Element": "水",
    "Type": "ブラック",
    "Rarity": "LHV",
    "Part": 2,
    "GuerrillaModifier": 0.1,
    "Atk": 1980,
    "Dex": 680,
    "Eng": 12800
  },
  {
    "Id": 137,
    "Name": "とらこ",
    "Skills": [
      {
        "SkillType": "タイプ強化",
        "Range": "全体",
        "Modifier": 3,
        "Type": "けもみみ"
      }
    ],
    "Element": "木",
    "Type": "けもみみ",
    "Rarity": "LHV",
    "Part": 2,
    "GuerrillaModifier": 0.1,
    "Atk": 1420,
    "Dex": 1280,
    "Eng": 7100
  },
  {
    "Id": 138,
    "Name": "アサインバイト",
    "Skills": [
      {
        "SkillType": "特定社員強化",
        "Range": "全体",
        "Modifier": 13,
        "Buddys": [ 82, 92 ]
      },
      {
        "SkillType": "正面攻撃",
        "Range": "全体"
      }
    ],
    "Element": "木",
    "Type": "飛翔",
    "Rarity": "LHV",
    "Part": 2,
    "GuerrillaModifier": 0.1,
    "Atk": 1380,
    "Dex": 880,
    "Eng": 3800
  },
  {
    "Id": 139,
    "Name": "超覚醒屍鬼",
    "Skills": [
      {
        "SkillType": "一タイプ編成強化",
        "Modifier": 5,
        "Type": "悪魔"
      },
      {
        "SkillType": "タイプ軽減",
        "Modifier": 0.25,
        "Type": "神"
      }
    ],
    "Element": "火",
    "Type": "悪魔",
    "Rarity": "LHVplus",
    "Part": 2,
    "GuerrillaModifier": 0.1,
    "Atk": 2030,
    "Dex": 1680,
    "Eng": 43800
  },
  {
    "Id": 140,
    "Name": "餅月ひまり",
    "Skills": [
      {
        "SkillType": "味方属性不在",
        "Modifier": 4,
        "Element": "火"
      },
      {
        "SkillType": "属性軽減",
        "Modifier": 0.25,
        "Element": "水"
      }
    ],
    "Element": "火",
    "Type": "変革",
    "Rarity": "LHVplus",
    "Part": 2,
    "GuerrillaModifier": 0.1,
    "Atk": 1600,
    "Dex": 2880,
    "Eng": 2700
  },
  {
    "Id": 140,
    "EvolState": 1,
    "Name": "覚醒餅月ひまり",
    "Skills": [
      {
        "SkillType": "味方属性不在",
        "Modifier": 5,
        "Element": "火"
      },
      {
        "SkillType": "属性軽減",
        "Modifier": 0.25,
        "Element": "水"
      },
      {
        "SkillType": "タイプキラー",
        "Modifier": 2,
        "Type": "変革"
      }
    ],
    "Element": "火",
    "Type": "変革",
    "Rarity": "LHVplus",
    "Part": 2,
    "GuerrillaModifier": 0.1,
    "Atk": 1700,
    "Dex": 3220,
    "Eng": 2700
  },
  {
    "Id": 141,
    "Name": "忍魔氷頭コオリ",
    "Skills": [
      {
        "SkillType": "タイプキラー",
        "Modifier": 2.5,
        "Type": "変革"
      },
      {
        "SkillType": "CT回避",
        "Range": "全体"
      },
      {
        "SkillType": "CT確定",
        "Range": "全体"
      }
    ],
    "Element": "水",
    "Type": "スピード",
    "Rarity": "LHVplus",
    "Part": 2,
    "GuerrillaModifier": 0.1,
    "Atk": 1680,
    "Dex": 4280,
    "Eng": 19800
  },
  {
    "Id": 142,
    "Name": "朝ノ瑠璃",
    "Skills": [
      {
        "SkillType": "タイプキラー",
        "Modifier": 2.5,
        "Type": "支援"
      },
      {
        "SkillType": "属性強化",
        "Element": "水",
        "Range": "全体",
        "Modifier": 1.5
      }
    ],
    "Element": "水",
    "Type": "スピード",
    "Rarity": "LHVplus",
    "Part": 2,
    "GuerrillaModifier": 0.1,
    "Atk": 1480,
    "Dex": 4300,
    "Eng": 1800
  },
  {
    "Id": 142,
    "EvolState": 1,
    "Name": "覚醒朝ノ瑠璃",
    "Skills": [
      {
        "SkillType": "タイプキラー",
        "Modifier": 2.5,
        "Type": "支援"
      },
      {
        "SkillType": "タイプキラー",
        "Modifier": 2.5,
        "Type": "変革"
      },
      {
        "SkillType": "属性強化",
        "Element": "水",
        "Range": "全体",
        "Modifier": 2
      }
    ],
    "Element": "水",
    "Type": "スピード",
    "Rarity": "LHVplus",
    "Part": 2,
    "GuerrillaModifier": 0.1,
    "Atk": 1580,
    "Dex": 4800,
    "Eng": 1800
  },
  {
    "Id": 143,
    "Name": "忍魔森頭コダマ",
    "Skills": [
      {
        "SkillType": "特定社員強化",
        "Range": "全体",
        "Modifier": 5,
        "Buddys": [ 103, 141 ]
      }
    ],
    "Element": "木",
    "Type": "スピード",
    "Rarity": "LHVplus",
    "Part": 2,
    "GuerrillaModifier": 0.1,
    "Atk": 1980,
    "Dex": 1880,
    "Eng": 12800
  },
  {
    "Id": 144,
    "Name": "シェアメイド",
    "Skills": [
      {
        "SkillType": "属性強化",
        "Element": "火",
        "Range": "全体",
        "Modifier": 1.5
      },
      {
        "SkillType": "属性強化",
        "Element": "水",
        "Range": "全体",
        "Modifier": 1.5
      },
      {
        "SkillType": "属性強化",
        "Element": "木",
        "Range": "全体",
        "Modifier": 1.5
      },
      {
        "SkillType": "CT確定",
        "Range": "右"
      },
      {
        "SkillType": "属性軽減",
        "Modifier": 0.20,
        "Element": "水"
      }
    ],
    "Element": "木",
    "Type": "支援",
    "Rarity": "LHVplus",
    "Part": 2,
    "GuerrillaModifier": 0.1,
    "Atk": 1530,
    "Dex": 980,
    "Eng": 12200
  },
  {
    "Id": 145,
    "Name": "ころねちゃん",
    "Skills": [
      {
        "SkillType": "タイプ強化",
        "Range": "全体",
        "Modifier": 3,
        "Type": "支援"
      },
      {
        "SkillType": "属性別タイプキラー",
        "Modifier": 3,
        "Type": "飛翔"
      }
    ],
    "Element": "火",
    "Type": "支援",
    "Rarity": "LXV",
    "Part": 2,
    "GuerrillaModifier": 0.1,
    "Atk": 1560,
    "Dex": 2100,
    "Eng": 21700
  },
  {
    "Id": 146,
    "Name": "うさこ",
    "Skills": [
      {
        "SkillType": "属性強化",
        "Element": "火",
        "Range": "全体",
        "Modifier": 2
      },
      {
        "SkillType": "属性強化",
        "Element": "水",
        "Range": "全体",
        "Modifier": 2
      },
      {
        "SkillType": "CT回避",
        "Range": "全体"
      },
      {
        "SkillType": "属性軽減",
        "Modifier": 0.2,
        "Element": "火"
      }
    ],
    "Element": "火",
    "Type": "けもみみ",
    "Rarity": "LXV",
    "Part": 2,
    "GuerrillaModifier": 0.1,
    "Atk": 1810,
    "Dex": 1250,
    "Eng": 28200
  },
  {
    "Id": 147,
    "Name": "ヴァンちゃん",
    "Skills": [
      {
        "SkillType": "CT回避",
        "Range": "自分"
      },
      {
        "SkillType": "属性別タイプキラー",
        "Modifier": 4,
        "Type": "神"
      }
    ],
    "Element": "水",
    "Type": "悪魔",
    "Rarity": "LXV",
    "Part": 2,
    "GuerrillaModifier": 0.1,
    "Atk": 1610,
    "Dex": 1750,
    "Eng": 23100
  },
  {
    "Id": 148,
    "Name": "りとるあるか",
    "Skills": [
      {
        "SkillType": "特定社員強化",
        "Range": "全体",
        "Modifier": 5,
        "Buddys": [ 72 ]
      }
    ],
    "Element": "水",
    "Type": "変革",
    "Rarity": "LXV",
    "Part": 2,
    "GuerrillaModifier": 0.1,
    "Atk": 1365,
    "Dex": 1000,
    "Eng": 13700
  },
  {
    "Id": 149,
    "Name": "花園セレナ",
    "Skills": [
      {
        "SkillType": "属性別タイプキラー",
        "Modifier": 4,
        "Type": "悪魔"
      },
      {
        "SkillType": "属性軽減",
        "Modifier": 0.25,
        "Element": "火"
      }
    ],
    "Element": "木",
    "Type": "けもみみ",
    "Rarity": "LXV",
    "Part": 2,
    "GuerrillaModifier": 0.1,
    "Atk": 1450,
    "Dex": 1530,
    "Eng": 10700
  },
  {
    "Id": 149,
    "EvolState": 1,
    "Name": "覚醒花園セレナ",
    "Skills": [
      {
        "SkillType": "属性別タイプキラー",
        "Modifier": 5,
        "Type": "悪魔"
      },
      {
        "SkillType": "属性軽減",
        "Modifier": 0.25,
        "Element": "火"
      }
    ],
    "Element": "木",
    "Type": "けもみみ",
    "Rarity": "LXV",
    "Part": 2,
    "GuerrillaModifier": 0.1,
    "Atk": 1510,
    "Dex": 1630,
    "Eng": 10700
  },
  {
    "Id": 150,
    "Name": "鬼嬢ノ九龍",
    "Skills": [
      {
        "SkillType": "属性別タイプキラー",
        "Modifier": 4,
        "Type": "支援"
      },
      {
        "SkillType": "CT回避",
        "Range": "自分"
      }
    ],
    "Element": "木",
    "Type": "悪魔",
    "Rarity": "LXV",
    "Part": 2,
    "GuerrillaModifier": 0.1,
    "Atk": 1980,
    "Dex": 750,
    "Eng": 11100
  },
  {
    "Id": 151,
    "Name": "日向こがね",
    "Skills": [
      {
        "SkillType": "タイプ強化",
        "Range": "全体",
        "Modifier": 3,
        "Type": "変革"
      },
      {
        "SkillType": "属性別タイプキラー",
        "Modifier": 2,
        "Type": "スピード"
      }
    ],
    "Element": "火",
    "Type": "変革",
    "Rarity": "LXVplus",
    "Part": 2,
    "GuerrillaModifier": 0.1,
    "Atk": 1570,
    "Dex": 1120,
    "Eng": 13900
  },
  {
    "Id": 152,
    "Name": "シバイヌ＆コメット",
    "Skills": [
      {
        "SkillType": "属性強化",
        "Element": "火",
        "Range": "全体",
        "Modifier": 2
      },
      {
        "SkillType": "タイプ軽減",
        "Modifier": 0.2,
        "Type": "支援"
      }
    ],
    "Element": "火",
    "Type": "けもみみ",
    "Rarity": "LXVplus",
    "Part": 2,
    "GuerrillaModifier": 0.1,
    "Atk": 1590,
    "Dex": 1050,
    "Eng": 10300
  },
  {
    "Id": 153,
    "Name": "まつり",
    "Skills": [
      {
        "SkillType": "属性強化",
        "Element": "水",
        "Range": "全体",
        "Modifier": 2
      },
      {
        "SkillType": "CT確定",
        "Range": "自分"
      },
      {
        "SkillType": "CT回避",
        "Range": "自分"
      }
    ],
    "Element": "水",
    "Type": "飛翔",
    "Rarity": "LXVplus",
    "Part": 2,
    "GuerrillaModifier": 0.1,
    "Atk": 1290,
    "Dex": 550,
    "Eng": 83100
  },
  {
    "Id": 154,
    "Name": "ネイト",
    "Skills": [
      {
        "SkillType": "属性別タイプキラー",
        "Modifier": 2,
        "Type": "飛翔"
      },
      {
        "SkillType": "属性別タイプキラー",
        "Modifier": 2,
        "Type": "支援"
      },
      {
        "SkillType": "属性別タイプキラー",
        "Modifier": 2,
        "Type": "神"
      },
      {
        "SkillType": "属性別タイプキラー",
        "Modifier": 2,
        "Type": "悪魔"
      },
      {
        "SkillType": "属性別タイプキラー",
        "Modifier": 2,
        "Type": "変革"
      },
      {
        "SkillType": "CT確定",
        "Range": "自分"
      },
      {
        "SkillType": "CT確定",
        "Range": "右"
      },
      {
        "SkillType": "CT回避",
        "Range": "全体"
      }
    ],
    "Element": "水",
    "Type": "支援",
    "Rarity": "LXVplus",
    "Part": 2,
    "GuerrillaModifier": 0.1,
    "Atk": 1480,
    "Dex": 1520,
    "Eng": 8700
  },
  {
    "Id": 155,
    "Name": "くまのこぴぴこ",
    "Skills": [
      {
        "SkillType": "属性強化",
        "Element": "木",
        "Range": "全体",
        "Modifier": 2.5
      },
      {
        "SkillType": "正面引き付け",
        "Range": "全体"
      }
    ],
    "Element": "木",
    "Type": "けもみみ",
    "Rarity": "LXVplus",
    "Part": 2,
    "GuerrillaModifier": 0.1,
    "Atk": 1440,
    "Dex": 1220,
    "Eng": 18100
  },
  {
    "Id": 156,
    "Name": "神凪てと",
    "Skills": [
      {
        "SkillType": "三色編成強化",
        "Modifier": 2.5
      },
      {
        "SkillType": "属性別タイプキラー",
        "Modifier": 2,
        "Type": "悪魔"
      }
    ],
    "Element": "木",
    "Type": "変革",
    "Rarity": "LXVplus",
    "Part": 2,
    "GuerrillaModifier": 0.1,
    "Atk": 1470,
    "Dex": 4450,
    "Eng": 2600
  },
  {
    "Id": 157,
    "Name": "姫熊りぼん",
    "Skills": [
      {
        "SkillType": "属性強化",
        "Element": "火",
        "Range": "全体",
        "Modifier": 2
      },
      {
        "SkillType": "属性別タイプキラー",
        "Modifier": 2.5,
        "Type": "スピード"
      },
      {
        "SkillType": "CT回避",
        "Range": "自分"
      }
    ],
    "Element": "火",
    "Type": "けもみみ",
    "Rarity": "Tier1",
    "Part": 2,
    "GuerrillaModifier": 0.1,
    "Atk": 1430,
    "Dex": 2840,
    "Eng": 12600
  },
  {
    "Id": 157,
    "EvolState": 1,
    "Name": "覚醒姫熊りぼん",
    "Skills": [
      {
        "SkillType": "属性強化",
        "Element": "火",
        "Range": "全体",
        "Modifier": 2.5
      },
      {
        "SkillType": "属性別タイプキラー",
        "Modifier": 2.5,
        "Type": "スピード"
      },
      {
        "SkillType": "CT回避",
        "Range": "自分"
      }
    ],
    "Element": "火",
    "Type": "けもみみ",
    "Rarity": "Tier1",
    "Part": 2,
    "GuerrillaModifier": 0.1,
    "Atk": 1490,
    "Dex": 2940,
    "Eng": 12600
  },
  {
    "Id": 158,
    "Name": "覚醒山吹奈々",
    "Skills": [
      {
        "SkillType": "属性強化",
        "Element": "火",
        "Range": "全体",
        "Modifier": 3
      },
      {
        "SkillType": "属性強化",
        "Element": "水",
        "Range": "全体",
        "Modifier": 3
      },
      {
        "SkillType": "タイプ軽減",
        "Modifier": 0.2,
        "Type": "ブラック"
      }
    ],
    "Element": "火",
    "Type": "変革",
    "Rarity": "Tier1",
    "Part": 2,
    "GuerrillaModifier": 0.1,
    "Atk": 1620,
    "Dex": 6280,
    "Eng": 77700
  },
  {
    "Id": 159,
    "Name": "覚醒進藤岬",
    "Skills": [
      {
        "SkillType": "属性強化",
        "Element": "火",
        "Range": "全体",
        "Modifier": 3
      },
      {
        "SkillType": "属性強化",
        "Element": "水",
        "Range": "全体",
        "Modifier": 3
      },
      {
        "SkillType": "タイプ軽減",
        "Modifier": 0.2,
        "Type": "変革"
      }
    ],
    "Element": "水",
    "Type": "変革",
    "Rarity": "Tier1",
    "Part": 2,
    "GuerrillaModifier": 0.1,
    "Atk": 1580,
    "Dex": 6820,
    "Eng": 65000
  },
  {
    "Id": 160,
    "Name": "リピドイーターif",
    "Skills": [
      {
        "SkillType": "属性別タイプキラー",
        "Modifier": 8,
        "Type": "変革"
      }
    ],
    "Element": "水",
    "Type": "ブラック",
    "Rarity": "Tier1",
    "Part": 2,
    "GuerrillaModifier": 0.1,
    "Atk": 2220,
    "Dex": 2370,
    "Eng": 108000
  },
  {
    "Id": 161,
    "Name": "タナトスイーターif",
    "Skills": [
      {
        "SkillType": "属性別タイプキラー",
        "Modifier": 8,
        "Type": "支援"
      }
    ],
    "Element": "木",
    "Type": "ブラック",
    "Rarity": "Tier1",
    "Part": 2,
    "GuerrillaModifier": 0.1,
    "Atk": 2320,
    "Dex": 1370,
    "Eng": 124000
  },
  {
    "Id": 162,
    "Name": "こあくまVer.Ch",
    "Skills": [
      {
        "SkillType": "正面攻撃",
        "Range": "全体"
      },
      {
        "SkillType": "特定社員強化",
        "Range": "全体",
        "Modifier": 2.5,
        "Buddys": [ 72 ]
      }
    ],
    "Element": "木",
    "Type": "変革",
    "Rarity": "Tier1",
    "Part": 2,
    "GuerrillaModifier": 0.1,
    "Atk": 1056,
    "Dex": 1010,
    "Eng": 34000
  },
  {
    "Id": 165,
    "Name": "ますきゃっと",
    "Skills": [
      {
        "SkillType": "属性別タイプキラー",
        "Modifier": 4,
        "Type": "飛翔"
      },
      {
        "SkillType": "属性強化",
        "Element": "火",
        "Range": "全体",
        "Modifier": 2
      },
      {
        "SkillType": "属性強化",
        "Element": "水",
        "Range": "全体",
        "Modifier": 2
      },
      {
        "SkillType": "属性強化",
        "Element": "木",
        "Range": "全体",
        "Modifier": 2
      }
    ],
    "Element": "水",
    "Type": "けもみみ",
    "Rarity": "Tier2",
    "Part": 2,
    "GuerrillaModifier": 0.1,
    "Atk": 1725,
    "Dex": 885,
    "Eng": 47000
  }
]