﻿[
  {
    "Id": 9,
    "Name": "泣き虫エルフ",
    "Element": "水",
    "Type": "なし",
    "Rarity": "Nplus",
    "Part": 1,
    "GuerrillaModifier": 0.1,
    "Atk": 11,
    "Dex": 14,
    "Eng": 4
  },
  {
    "Id": 21,
    "Name": "ボンファイター",
    "Skills": [
      {
        "SkillType": "弱点無効"
      }
    ],
    "Element": "水",
    "Type": "なし",
    "Rarity": "Rplus",
    "Part": 1,
    "GuerrillaModifier": 0.1,
    "Atk": 31,
    "Dex": 34,
    "Eng": 15
  },
  {
    "Id": 22,
    "Name": "雪の子",
    "Skills": [
      {
        "SkillType": "正面引き付け",
        "Range": "自分"
      }
    ],
    "Element": "水",
    "Type": "なし",
    "Rarity": "Rplus",
    "Part": 1,
    "GuerrillaModifier": 0.1,
    "Atk": 33,
    "Dex": 31,
    "Eng": 17
  },
  {
    "Id": 33,
    "Name": "ワンダーギャル",
    "Skills": [
      {
        "SkillType": "属性強化",
        "Element": "水",
        "Range": "全体",
        "Modifier": 1.5
      }
    ],
    "Element": "水",
    "Type": "なし",
    "Rarity": "SRplus",
    "Part": 1,
    "GuerrillaModifier": 0.1,
    "Atk": 38,
    "Dex": 67,
    "Eng": 158
  },
  {
    "Id": 41,
    "Name": "テングガール",
    "Skills": [
      {
        "SkillType": "属性強化",
        "Element": "木",
        "Range": "全体",
        "Modifier": 1.5
      }
    ],
    "Element": "木",
    "Type": "なし",
    "Rarity": "SSR",
    "Part": 1,
    "GuerrillaModifier": 0.1,
    "Atk": 56,
    "Dex": 113,
    "Eng": 350
  },
  {
    "Id": 47,
    "Name": "邪王クロコ",
    "Skills": [
      {
        "SkillType": "CT確定",
        "Range": "自分"
      },
      {
        "SkillType": "被CT確定"
      }
    ],
    "Element": "木",
    "Type": "なし",
    "Rarity": "SSRplus",
    "Part": 1,
    "GuerrillaModifier": 0.1,
    "Atk": 161,
    "Dex": 140,
    "Eng": 512
  },
  {
    "Id": 48,
    "Name": "天真シロナ",
    "Skills": [
      {
        "SkillType": "正面攻撃",
        "Range": "自分"
      }
    ],
    "Element": "木",
    "Type": "なし",
    "Rarity": "SSRplus",
    "Part": 1,
    "GuerrillaModifier": 0.1,
    "Atk": 155,
    "Dex": 174,
    "Eng": 368
  },
  {
    "Id": 63,
    "Name": "ノーワーカー",
    "Skills": [
      {
        "SkillType": "属性強化",
        "Element": "木",
        "Range": "全体",
        "Modifier": 2.5
      }
    ],
    "Element": "水",
    "Type": "なし",
    "Rarity": "LR",
    "Part": 1,
    "GuerrillaModifier": 0.1,
    "Atk": 348,
    "Dex": 624,
    "Eng": 3700
  },
  {
    "Id": 72,
    "Name": "アルカアナザー",
    "Skills": [
      {
        "SkillType": "CT確定",
        "Range": "自分"
      },
      {
        "SkillType": "オールキラー"
      }
    ],
    "Element": "木",
    "Type": "なし",
    "Rarity": "LRplus",
    "Part": 1,
    "GuerrillaModifier": 0.1,
    "Atk": 1080,
    "Dex": 1440,
    "Eng": 9800
  },
  {
    "Id": 88,
    "Name": "忍魔隊ミコ",
    "Skills": [
      {
        "SkillType": "敵ミコ属性強化",
        "Element": "水",
        "Range": "全体",
        "Modifier": 1.5
      },
      {
        "SkillType": "タイプ強化",
        "Range": "全体",
        "Modifier": 1.5,
        "Type": "スピード"
      }
    ],
    "Element": "水",
    "Type": "スピード",
    "Rarity": "HVplus",
    "Part": 2,
    "GuerrillaModifier": 0.1,
    "Atk": 1380,
    "Dex": 1180,
    "Eng": 8800
  },
  {
    "Id": 98,
    "Name": "ラビリンス",
    "Skills": [
      {
        "SkillType": "CT回避",
        "Range": "全体"
      },
      {
        "SkillType": "タイプ強化",
        "Range": "全体",
        "Modifier": 1.5,
        "Type": "悪魔"
      }
    ],
    "Element": "火",
    "Type": "悪魔",
    "Rarity": "HXVplus",
    "Part": 2,
    "GuerrillaModifier": 0.1,
    "Atk": 1430,
    "Dex": 3600,
    "Eng": 16600
  },
  {
    "Id": 99,
    "Name": "ナーガ姉妹",
    "Element": "水",
    "Type": "支援",
    "Rarity": "HXVplus",
    "Part": 2,
    "GuerrillaModifier": 0.1,
    "Atk": 920,
    "Dex": 2670,
    "Eng": 38000
  },
  {
    "Id": 102,
    "Name": "アレグリアス",
    "Element": "木",
    "Type": "支援",
    "Rarity": "HXVplus",
    "Part": 2,
    "GuerrillaModifier": 0.1,
    "Atk": 400,
    "Dex": 3400,
    "Eng": 74000
  },
  {
    "Id": 107,
    "Name": "双極の器マザー",
    "Element": "木",
    "Type": "ブラック",
    "Rarity": "SHV",
    "Part": 2,
    "GuerrillaModifier": 0.1,
    "Atk": 1550,
    "Dex": 1250,
    "Eng": 44000
  },
  {
    "Id": 110,
    "Name": "山吹奈々",
    "Skills": [
      {
        "SkillType": "タイプキラー",
        "Modifier": 2,
        "Type": "神"
      },
      {
        "SkillType": "タイプキラー",
        "Modifier": 2,
        "Type": "ブラック"
      },
      {
        "SkillType": "特定社員強化",
        "Range": "全体",
        "Modifier": 4,
        "Buddys": [ 79 ]
      }
    ],
    "Element": "火",
    "Type": "変革",
    "Rarity": "SHVplus",
    "Part": 2,
    "GuerrillaModifier": 0.1,
    "Atk": 1400,
    "Dex": 5380,
    "Eng": 7700
  },
  {
    "Id": 111,
    "Name": "創生のキラif",
    "Skills": [
      {
        "SkillType": "タイプキラー",
        "Modifier": 2,
        "Type": "ブラック"
      }
    ],
    "Element": "水",
    "Type": "神",
    "Rarity": "SHVplus",
    "Part": 2,
    "GuerrillaModifier": 0.1,
    "Atk": 1250,
    "Dex": 2550,
    "Eng": 165000
  },
  {
    "Id": 114,
    "Name": "進藤岬",
    "Skills": [
      {
        "SkillType": "タイプ軽減",
        "Modifier": 0.2,
        "Type": "変革"
      },
      {
        "SkillType": "CT回避",
        "Range": "全体"
      }
    ],
    "Element": "木",
    "Type": "変革",
    "Rarity": "SHVplus",
    "Part": 2,
    "GuerrillaModifier": 0.1,
    "Atk": 1350,
    "Dex": 5690,
    "Eng": 6500
  },
  {
    "Id": 138,
    "Name": "アサインバイト",
    "Skills": [
      {
        "SkillType": "特定社員強化",
        "Range": "全体",
        "Modifier": 13,
        "Buddys": [ 82, 92 ]
      }
    ],
    "Element": "木",
    "Type": "飛翔",
    "Rarity": "LHV",
    "Part": 2,
    "GuerrillaModifier": 0.1,
    "Atk": 1380,
    "Dex": 880,
    "Eng": 3800
  }
]