[
  { "Id": 1 },
  { "Id": 2 },
  { "Id": 3 },
  { "Id": 4 },
  { "Id": 5 },
  { "Id": 6 },
  { "Id": 7 },
  { "Id": 8 },
  { "Id": 9 },
  { "Id": 10 },
  { "Id": 11 },
  { "Id": 12 },
  { "Id": 13 },
  { "Id": 14 },
  { "Id": 15 },
  { "Id": 16 },
  { "Id": 17 },
  { "Id": 18 },
  { "Id": 19 },
  { "Id": 20 },
  { "Id": 21 },
  { "Id": 22 },
  { "Id": 23 },
  { "Id": 24 },
  { "Id": 25 },
  { "Id": 26 },
  { "Id": 27 },
  { "Id": 28 },
  { "Id": 29 },
  { "Id": 30 },
  { "Id": 31 },
  { "Id": 32 },
  { "Id": 34 },
  { "Id": 35 },
  { "Id": 36 },
  { "Id": 37 },
  { "Id": 38 },
  { "Id": 39 },
  { "Id": 40 },
  { "Id": 42 },
  { "Id": 43 },
  { "Id": 44 },
  { "Id": 45 },
  { "Id": 46 },
  { "Id": 47 },
  { "Id": 48 },
  { "Id": 49 },
  { "Id": 50 },
  { "Id": 51 },
  { "Id": 52 },
  { "Id": 53 },
  { "Id": 54 },
  { "Id": 55 },
  { "Id": 56 },
  { "Id": 57 },
  { "Id": 58 },
  { "Id": 59 },
  { "Id": 60 },
  { "Id": 61 },
  { "Id": 64 },
  { "Id": 66 },
  { "Id": 67 },
  { "Id": 68 },
  { "Id": 69 },
  { "Id": 70 },
  { "Id": 71 }
]
