﻿[
  {
    "Id": 33
  },
  {
    "Id": 41
  },
  {
    "Id": 62
  },
  {
    "Id": 63
  },
  {
    "Id": 65
  },
  {
    "Id": 72
  },
  {
    "Id": 72,
    "EvolState": 1
  },
  {
    "Id": 72,
    "EvolState": 2
  },
  {
    "Id": 73
  },
  {
    "Id": 74
  },
  {
    "Id": 74,
    "EvolState": 1
  },
  {
    "Id": 75
  },
  {
    "Id": 75,
    "EvolState": 1
  },
  {
    "Id": 76
  },
  {
    "Id": 76,
    "EvolState": 1
  },
  {
    "Id": 77
  },
  {
    "Id": 78
  },
  {
    "Id": 78,
    "EvolState": 1
  },
  {
    "Id": 79
  },
  {
    "Id": 80
  },
  {
    "Id": 80,
    "EvolState": 1
  },
  {
    "Id": 81
  },
  {
    "Id": 82
  },
  {
    "Id": 83
  },
  {
    "Id": 84
  },
  {
    "Id": 85
  },
  {
    "Id": 86
  },
  {
    "Id": 87
  },
  {
    "Id": 88
  },
  {
    "Id": 89
  },
  {
    "Id": 90
  },
  {
    "Id": 91
  },
  {
    "Id": 92
  },
  {
    "Id": 93
  },
  {
    "Id": 94
  },
  {
    "Id": 94,
    "EvolState": 1
  },
  {
    "Id": 95
  },
  {
    "Id": 96
  },
  {
    "Id": 96,
    "EvolState": 1
  },
  {
    "Id": 97
  },
  {
    "Id": 97,
    "EvolState": 1
  },
  {
    "Id": 98
  },
  {
    "Id": 99
  },
  {
    "Id": 100
  },
  {
    "Id": 101
  },
  {
    "Id": 101,
    "EvolState": 1
  },
  {
    "Id": 102
  },
  {
    "Id": 103
  },
  {
    "Id": 104
  },
  {
    "Id": 105
  },
  {
    "Id": 106
  },
  {
    "Id": 107
  },
  {
    "Id": 108
  },
  {
    "Id": 109
  },
  {
    "Id": 110
  },
  {
    "Id": 111
  },
  {
    "Id": 112
  },
  {
    "Id": 113
  },
  {
    "Id": 114
  },
  {
    "Id": 115
  },
  {
    "Id": 116
  },
  {
    "Id": 117
  },
  {
    "Id": 118
  },
  {
    "Id": 119
  },
  {
    "Id": 120
  },
  {
    "Id": 121
  },
  {
    "Id": 122
  },
  {
    "Id": 123
  },
  {
    "Id": 124
  },
  {
    "Id": 125
  },
  {
    "Id": 126
  },
  {
    "Id": 127
  },
  {
    "Id": 128
  },
  {
    "Id": 129
  },
  {
    "Id": 130
  },
  {
    "Id": 131
  },
  {
    "Id": 132
  },
  {
    "Id": 132,
    "EvolState": 1
  },
  {
    "Id": 133
  },
  {
    "Id": 134
  },
  {
    "Id": 135
  },
  {
    "Id": 136
  },
  {
    "Id": 137
  },
  {
    "Id": 138
  },
  {
    "Id": 139
  },
  {
    "Id": 140
  },
  {
    "Id": 140,
    "EvolState": 1
  },
  {
    "Id": 141
  },
  {
    "Id": 142
  },
  {
    "Id": 142,
    "EvolState": 1
  },
  {
    "Id": 143
  },
  {
    "Id": 144
  },
  {
    "Id": 147
  },
  {
    "Id": 151
  },
  {
    "Id": 152
  },
  {
    "Id": 153
  },
  {
    "Id": 154
  },
  {
    "Id": 155
  },
  {
    "Id": 156
  }
]