﻿[
  {
    "Name": "None",
    "Description": "条件なし"
  },
  {
    "Name": "Enemy3",
    "Description": "敵の攻撃力3倍",
    "EnemyAtkModifier": 3,
    "EnemyDexModifier": 2.5
  },
  {
    "Name": "Ally10",
    "Description": "味方の攻撃力1/10",
    "AllyAtkModifier": 0.1,
    "EnemyDexModifier": 7.5
  },
  {
    "Name": "Fire0",
    "Description": "火属性攻撃力0",
    "FireAtkModifier": 0,
    "EnemyDexModifier": 2.5
  },
  {
    "Name": "Water0",
    "Description": "水属性攻撃力0",
    "WaterAtkModifier": 0,
    "EnemyDexModifier": 2.5
  },
  {
    "Name": "Wood0",
    "Description": "木属性攻撃力0",
    "WoodAtkModifier": 0,
    "EnemyDexModifier": 2.5
  },
  {
    "Name": "Only2",
    "Description": "編成2体制限",
    "AllyMaxCount": 2
  }
]