﻿[
  {
    "Part": 1,
    "Grade": 40,
    "Stage": 1,
    "Gold": 7820000,
    "Ticket": 153200,
    "Enemy3Id": 16,
    "Enemy3Level": 333333312
  },
  {
    "Part": 1,
    "Grade": 40,
    "Stage": 2,
    "Gold": 7840000,
    "Ticket": 153400,
    "Enemy1Id": 44,
    "Enemy1Level": 41379300
  },
  {
    "Part": 1,
    "Grade": 40,
    "Stage": 3,
    "Gold": 7860000,
    "Ticket": 153600,
    "Enemy2Id": 66,
    "Enemy2Level": 22580636
  },
  {
    "Part": 1,
    "Grade": 40,
    "Stage": 4,
    "Gold": 7880000,
    "Ticket": 153800,
    "Enemy1Id": 66,
    "Enemy1Level": 6451604,
    "Enemy2Id": 0,
    "Enemy2Level": 0,
    "Enemy3Id": 66,
    "Enemy3Level": 6451604
  },
  {
    "Part": 1,
    "Grade": 40,
    "Stage": 5,
    "Gold": 7900000,
    "Ticket": 154000,
    "Enemy1Id": 66,
    "Enemy1Level": 4838700,
    "Enemy2Id": 66,
    "Enemy2Level": 4838700,
    "Enemy3Id": 66,
    "Enemy3Level": 4838700
  },
  {
    "Part": 1,
    "Grade": 40,
    "Stage": 6,
    "Gold": 7920000,
    "Ticket": 154200,
    "Enemy1Id": 27,
    "Enemy1Level": 176383328,
    "Enemy2Id": 51,
    "Enemy2Level": 24726628
  },
  {
    "Part": 1,
    "Grade": 40,
    "Stage": 7,
    "Gold": 7940000,
    "Ticket": 154400,
    "Enemy1Id": 38,
    "Enemy1Level": 30736100,
    "Enemy2Id": 31,
    "Enemy2Level": 50873552,
    "Enemy3Id": 38,
    "Enemy3Level": 30736100
  },
  {
    "Part": 1,
    "Grade": 40,
    "Stage": 8,
    "Gold": 7960000,
    "Ticket": 154600,
    "Enemy1Id": 48,
    "Enemy1Level": 30912896,
    "Enemy2Id": 48,
    "Enemy2Level": 30912896
  },
  {
    "Part": 1,
    "Grade": 40,
    "Stage": 9,
    "Gold": 7980000,
    "Ticket": 154800,
    "Enemy1Id": 31,
    "Enemy1Level": 142956896,
    "Enemy2Id": 68,
    "Enemy2Level": 5483787
  },
  {
    "Part": 1,
    "Grade": 40,
    "Stage": 10,
    "Gold": 8000000,
    "Ticket": 155000,
    "Enemy1Id": 51,
    "Enemy1Level": 9848901,
    "Enemy2Id": 51,
    "Enemy2Level": 9848901,
    "Enemy3Id": 51,
    "Enemy3Level": 9848901
  },
  {
    "Part": 1,
    "Grade": 41,
    "Stage": 1,
    "Gold": 8010000,
    "Ticket": 155100,
    "Enemy2Id": 68,
    "Enemy2Level": 5786658
  },
  {
    "Part": 1,
    "Grade": 41,
    "Stage": 2,
    "Gold": 8020000,
    "Ticket": 155200,
    "Enemy1Id": 57,
    "Enemy1Level": 1488,
    "Enemy2Id": 69,
    "Enemy2Level": 14160000,
    "Enemy3Id": 45,
    "Enemy3Level": 1488
  },
  {
    "Part": 1,
    "Grade": 41,
    "Stage": 3,
    "Gold": 8030000,
    "Ticket": 155300,
    "Enemy1Id": 47,
    "Enemy1Level": 1488,
    "Enemy2Id": 71,
    "Enemy2Level": 10705705,
    "Enemy3Id": 54,
    "Enemy3Level": 1488
  },
  {
    "Part": 1,
    "Grade": 41,
    "Stage": 4,
    "Gold": 8040000,
    "Ticket": 155400,
    "Enemy1Id": 51,
    "Enemy1Level": 24726632,
    "Enemy3Id": 27,
    "Enemy3Level": 176383360
  },
  {
    "Part": 1,
    "Grade": 41,
    "Stage": 5,
    "Gold": 8050000,
    "Ticket": 155500,
    "Enemy1Id": 51,
    "Enemy1Level": 11044066,
    "Enemy2Id": 51,
    "Enemy2Level": 11044066,
    "Enemy3Id": 51,
    "Enemy3Level": 11044066
  },
  {
    "Part": 1,
    "Grade": 41,
    "Stage": 6,
    "Gold": 8060000,
    "Ticket": 155600,
    "Enemy1Id": 66,
    "Enemy1Level": 4959668,
    "Enemy2Id": 66,
    "Enemy2Level": 4959668,
    "Enemy3Id": 66,
    "Enemy3Level": 4959668
  },
  {
    "Part": 1,
    "Grade": 41,
    "Stage": 7,
    "Gold": 8070000,
    "Ticket": 155700,
    "Enemy1Id": 48,
    "Enemy1Level": 31685720,
    "Enemy2Id": 48,
    "Enemy2Level": 31685720
  },
  {
    "Part": 1,
    "Grade": 41,
    "Stage": 8,
    "Gold": 8080000,
    "Ticket": 155800,
    "Enemy1Id": 31,
    "Enemy1Level": 154393456,
    "Enemy2Id": 68,
    "Enemy2Level": 5922491
  },
  {
    "Part": 1,
    "Grade": 41,
    "Stage": 9,
    "Gold": 8090000,
    "Ticket": 155900,
    "Enemy1Id": 56,
    "Enemy1Level": 10959991,
    "Enemy2Id": 71,
    "Enemy2Level": 4726891,
    "Enemy3Id": 67,
    "Enemy3Level": 5214830
  },
  {
    "Part": 1,
    "Grade": 41,
    "Stage": 10,
    "Gold": 8100000,
    "Ticket": 156000,
    "Enemy2Id": 87,
    "Enemy2Level": 5891918
  },
  {
    "Part": 1,
    "Grade": 42,
    "Stage": 1,
    "Gold": 8110000,
    "Ticket": 156100,
    "Enemy1Id": 66,
    "Enemy1Level": 5331644,
    "Enemy2Id": 66,
    "Enemy2Level": 5331644,
    "Enemy3Id": 66,
    "Enemy3Level": 5331644
  },
  {
    "Part": 1,
    "Grade": 42,
    "Stage": 2,
    "Gold": 8120000,
    "Ticket": 156200,
    "Enemy1Id": 48,
    "Enemy1Level": 34062148,
    "Enemy2Id": 48,
    "Enemy2Level": 34062148
  },
  {
    "Part": 1,
    "Grade": 42,
    "Stage": 3,
    "Gold": 8130000,
    "Ticket": 156300,
    "Enemy1Id": 31,
    "Enemy1Level": 165972976,
    "Enemy2Id": 68,
    "Enemy2Level": 6366679
  },
  {
    "Part": 1,
    "Grade": 42,
    "Stage": 4,
    "Gold": 8140000,
    "Ticket": 156400,
    "Enemy1Id": 56,
    "Enemy1Level": 11781991,
    "Enemy2Id": 71,
    "Enemy2Level": 5081409,
    "Enemy3Id": 67,
    "Enemy3Level": 5605942
  },
  {
    "Part": 1,
    "Grade": 42,
    "Stage": 5,
    "Gold": 8150000,
    "Ticket": 156500,
    "Enemy1Id": 48,
    "Enemy1Level": 86517864,
    "Enemy2Id": 48,
    "Enemy2Level": 86517864
  },
  {
    "Part": 1,
    "Grade": 42,
    "Stage": 6,
    "Gold": 8160000,
    "Ticket": 156600,
    "Enemy2Id": 68,
    "Enemy2Level": 8895545
  },
  {
    "Part": 1,
    "Grade": 42,
    "Stage": 7,
    "Gold": 8170000,
    "Ticket": 156700,
    "Enemy1Id": 57,
    "Enemy1Level": 1599,
    "Enemy2Id": 69,
    "Enemy2Level": 15222001,
    "Enemy3Id": 45,
    "Enemy3Level": 1599
  },
  {
    "Part": 1,
    "Grade": 42,
    "Stage": 8,
    "Gold": 8180000,
    "Ticket": 156800,
    "Enemy1Id": 47,
    "Enemy1Level": 1599,
    "Enemy2Id": 71,
    "Enemy2Level": 11508634,
    "Enemy3Id": 54,
    "Enemy3Level": 1599
  },
  {
    "Part": 1,
    "Grade": 42,
    "Stage": 9,
    "Gold": 8190000,
    "Ticket": 156900,
    "Enemy1Id": 51,
    "Enemy1Level": 26581132,
    "Enemy3Id": 27,
    "Enemy3Level": 189612128
  },
  {
    "Part": 1,
    "Grade": 42,
    "Stage": 10,
    "Gold": 8200000,
    "Ticket": 157000,
    "Enemy1Id": 47,
    "Enemy1Level": 12061501,
    "Enemy2Id": 71,
    "Enemy2Level": 30382795,
    "Enemy3Id": 54,
    "Enemy3Level": 7429884
  },
  {
    "Part": 2,
    "Grade": 13,
    "Stage": 1,
    "Gold": 8351000,
    "Ticket": 45000,
    "Enemy1Id": 91,
    "Enemy1Level": 865744,
    "Enemy2Id": 89,
    "Enemy2Level": 902848,
    "Enemy3Id": 79,
    "Enemy3Level": 1303083
  },
  {
    "Part": 2,
    "Grade": 13,
    "Stage": 2,
    "Gold": 8372000,
    "Ticket": 50000,
    "Enemy2Id": 86,
    "Enemy2Level": 6344047
  },
  {
    "Part": 2,
    "Grade": 13,
    "Stage": 3,
    "Gold": 8393000,
    "Ticket": 55000,
    "Enemy1Id": 87,
    "Enemy1Level": 1687491,
    "Enemy2Id": 89,
    "Enemy2Level": 1851419
  },
  {
    "Part": 2,
    "Grade": 13,
    "Stage": 4,
    "Gold": 8414000,
    "Ticket": 60000,
    "Enemy1Id": 92,
    "Enemy1Level": 556920,
    "Enemy2Id": 93,
    "Enemy2Level": 11029200,
    "Enemy3Id": 90,
    "Enemy3Level": 437892
  },
  {
    "Part": 2,
    "Grade": 13,
    "Stage": 5,
    "Gold": 8435000,
    "Ticket": 65000,
    "Enemy1Id": 79,
    "Enemy1Level": 2376623,
    "Enemy2Id": 92,
    "Enemy2Level": 2426657,
    "Enemy3Id": 83,
    "Enemy3Level": 3201843
  },
  {
    "Part": 2,
    "Grade": 13,
    "Stage": 6,
    "Gold": 8456000,
    "Ticket": 70000,
    "Enemy1Id": 99,
    "Enemy1Level": 6775535,
    "Enemy2Id": 103,
    "Enemy2Level": 4211815
  },
  {
    "Part": 2,
    "Grade": 13,
    "Stage": 7,
    "Gold": 8477000,
    "Ticket": 75000,
    "Enemy1Id": 83,
    "Enemy1Level": 5371519,
    "Enemy2Id": 83,
    "Enemy2Level": 5371519
  },
  {
    "Part": 2,
    "Grade": 13,
    "Stage": 8,
    "Gold": 8498000,
    "Ticket": 80000,
    "Enemy1Id": 87,
    "Enemy1Level": 2646258,
    "Enemy2Id": 105,
    "Enemy2Level": 2977768,
    "Enemy3Id": 107,
    "Enemy3Level": 2622356
  },
  {
    "Part": 2,
    "Grade": 13,
    "Stage": 9,
    "Gold": 8519000,
    "Ticket": 85000,
    "Enemy1Id": 107,
    "Enemy1Level": 1956980,
    "Enemy2Id": 91,
    "Enemy2Level": 2077616,
    "Enemy3Id": 85,
    "Enemy3Level": 3063964
  },
  {
    "Part": 2,
    "Grade": 13,
    "Stage": 10,
    "Gold": 8540000,
    "Ticket": 90000,
    "Enemy1Id": 104,
    "Enemy1Level": 577768,
    "Enemy2Id": 114,
    "Enemy2Level": 1989062,
    "Enemy3Id": 106,
    "Enemy3Level": 1535856
  },
  {
    "Part": 2,
    "Grade": 14,
    "Stage": 1,
    "Gold": 8561000,
    "Ticket": 95000,
    "Enemy1Id": 79,
    "Enemy1Level": 2090712,
    "Enemy2Id": 85,
    "Enemy2Level": 2048475,
    "Enemy3Id": 86,
    "Enemy3Level": 1418172
  },
  {
    "Part": 2,
    "Grade": 14,
    "Stage": 2,
    "Gold": 8582000,
    "Ticket": 100000,
    "Enemy1Id": 88,
    "Enemy1Level": 808863,
    "Enemy2Id": 82,
    "Enemy2Level": 12650537
  },
  {
    "Part": 2,
    "Grade": 14,
    "Stage": 3,
    "Gold": 8603000,
    "Ticket": 105000,
    "Enemy1Id": 89,
    "Enemy1Level": 2357133,
    "Enemy2Id": 90,
    "Enemy2Level": 2462677
  },
  {
    "Part": 2,
    "Grade": 14,
    "Stage": 4,
    "Gold": 8624000,
    "Ticket": 110000,
    "Enemy1Id": 91,
    "Enemy1Level": 1493141,
    "Enemy2Id": 90,
    "Enemy2Level": 1626856,
    "Enemy3Id": 93,
    "Enemy3Level": 2477263
  },
  {
    "Part": 2,
    "Grade": 14,
    "Stage": 5,
    "Gold": 8645000,
    "Ticket": 115000,
    "Enemy1Id": 99,
    "Enemy1Level": 4057962,
    "Enemy2Id": 105,
    "Enemy2Level": 2735033,
    "Enemy3Id": 102,
    "Enemy3Level": 9333325
  },
  {
    "Part": 2,
    "Grade": 14,
    "Stage": 6,
    "Gold": 8666000,
    "Ticket": 120000,
    "Enemy1Id": 110,
    "Enemy1Level": 3543298,
    "Enemy2Id": 109,
    "Enemy2Level": 2848092,
    "Enemy3Id": 104,
    "Enemy3Level": 1071419
  },
  {
    "Part": 2,
    "Grade": 14,
    "Stage": 7,
    "Gold": 8687000,
    "Ticket": 125000,
    "Enemy1Id": 111,
    "Enemy1Level": 7999991,
    "Enemy2Id": 107,
    "Enemy2Level": 6451604
  },
  {
    "Part": 2,
    "Grade": 14,
    "Stage": 8,
    "Gold": 8708000,
    "Ticket": 130000,
    "Enemy1Id": 106,
    "Enemy1Level": 1793240,
    "Enemy2Id": 114,
    "Enemy2Level": 2322395,
    "Enemy3Id": 104,
    "Enemy3Level": 674594
  },
  {
    "Part": 2,
    "Grade": 14,
    "Stage": 9,
    "Gold": 8729000,
    "Ticket": 135000,
    "Enemy1Id": 114,
    "Enemy1Level": 2554635,
    "Enemy2Id": 107,
    "Enemy2Level": 2010743,
    "Enemy3Id": 89,
    "Enemy3Level": 2226181
  },
  {
    "Part": 2,
    "Grade": 14,
    "Stage": 10,
    "Gold": 8750000,
    "Ticket": 140000,
    "Enemy1Id": 105,
    "Enemy1Level": 6854400,
    "Enemy2Id": 111,
    "Enemy2Level": 1900000,
    "Enemy3Id": 112,
    "Enemy3Level": 2100000
  },
  {
    "Part": 2,
    "Grade": 15,
    "Stage": 1,
    "Gold": 8771000,
    "Ticket": 145000,
    "Enemy1Id": 85,
    "Enemy1Level": 3545445,
    "Enemy2Id": 89,
    "Enemy2Level": 2507133
  },
  {
    "Part": 2,
    "Grade": 15,
    "Stage": 2,
    "Gold": 8792000,
    "Ticket": 150000,
    "Enemy2Id": 86,
    "Enemy2Level": 10573417
  },
  {
    "Part": 2,
    "Grade": 15,
    "Stage": 3,
    "Gold": 8813000,
    "Ticket": 155000,
    "Enemy1Id": 34,
    "Enemy1Level": 42622940,
    "Enemy2Id": 105,
    "Enemy2Level": 1904752,
    "Enemy3Id": 34,
    "Enemy3Level": 42622940
  },
  {
    "Part": 2,
    "Grade": 15,
    "Stage": 4,
    "Gold": 8834000,
    "Ticket": 160000,
    "Enemy1Id": 89,
    "Enemy1Level": 2299991,
    "Enemy2Id": 90,
    "Enemy2Level": 2402976
  },
  {
    "Part": 2,
    "Grade": 15,
    "Stage": 5,
    "Gold": 8855000,
    "Ticket": 165000,
    "Enemy1Id": 38,
    "Enemy1Level": 54513880,
    "Enemy2Id": 104,
    "Enemy2Level": 1246022,
    "Enemy3Id": 38,
    "Enemy3Level": 54513880
  },
  {
    "Part": 2,
    "Grade": 15,
    "Stage": 6,
    "Gold": 8876000,
    "Ticket": 170000,
    "Enemy1Id": 89,
    "Enemy1Level": 1852372,
    "Enemy2Id": 90,
    "Enemy2Level": 1935314,
    "Enemy3Id": 84,
    "Enemy3Level": 2139705
  },
  {
    "Part": 2,
    "Grade": 15,
    "Stage": 7,
    "Gold": 8897000,
    "Ticket": 175000,
    "Enemy1Id": 83,
    "Enemy1Level": 4791657,
    "Enemy2Id": 83,
    "Enemy2Level": 4791657,
    "Enemy3Id": 83,
    "Enemy3Level": 4791657
  },
  {
    "Part": 2,
    "Grade": 15,
    "Stage": 8,
    "Gold": 8918000,
    "Ticket": 180000,
    "Enemy1Id": 51,
    "Enemy1Level": 14454820,
    "Enemy2Id": 105,
    "Enemy2Level": 2266169,
    "Enemy3Id": 51,
    "Enemy3Level": 14454820
  },
  {
    "Part": 2,
    "Grade": 15,
    "Stage": 9,
    "Gold": 8939000,
    "Ticket": 185000,
    "Enemy1Id": 48,
    "Enemy1Level": 21548380,
    "Enemy2Id": 91,
    "Enemy2Level": 2287662,
    "Enemy3Id": 48,
    "Enemy3Level": 21548380
  },
  {
    "Part": 2,
    "Grade": 15,
    "Stage": 10,
    "Gold": 8960000,
    "Ticket": 190000,
    "Enemy1Id": 79,
    "Enemy1Level": 3300000,
    "Enemy2Id": 82,
    "Enemy2Level": 4300000,
    "Enemy3Id": 105,
    "Enemy3Level": 3700000
  },
  {
    "Part": 2,
    "Grade": 16,
    "Stage": 1,
    "Gold": 8981000,
    "Ticket": 195000,
    "Enemy1Id": 110,
    "Enemy1Level": 3837392,
    "Enemy2Id": 109,
    "Enemy2Level": 3084484,
    "Enemy3Id": 104,
    "Enemy3Level": 1160348
  },
  {
    "Part": 2,
    "Grade": 16,
    "Stage": 2,
    "Gold": 9002000,
    "Ticket": 200000,
    "Enemy1Id": 38,
    "Enemy1Level": 59038528,
    "Enemy2Id": 104,
    "Enemy2Level": 1349443,
    "Enemy3Id": 38,
    "Enemy3Level": 59038528
  },
  {
    "Part": 2,
    "Grade": 16,
    "Stage": 3,
    "Gold": 9023000,
    "Ticket": 205000,
    "Enemy1Id": 89,
    "Enemy1Level": 2006119,
    "Enemy2Id": 90,
    "Enemy2Level": 2095946,
    "Enemy3Id": 84,
    "Enemy3Level": 2317301
  },
  {
    "Part": 2,
    "Grade": 16,
    "Stage": 4,
    "Gold": 9044000,
    "Ticket": 210000,
    "Enemy1Id": 83,
    "Enemy1Level": 5189365,
    "Enemy2Id": 83,
    "Enemy2Level": 5189365,
    "Enemy3Id": 83,
    "Enemy3Level": 5189365
  },
  {
    "Part": 2,
    "Grade": 16,
    "Stage": 5,
    "Gold": 9065000,
    "Ticket": 215000,
    "Enemy1Id": 99,
    "Enemy1Level": 4394773,
    "Enemy2Id": 105,
    "Enemy2Level": 2962042,
    "Enemy3Id": 102,
    "Enemy3Level": 10107990
  },
  {
    "Part": 2,
    "Grade": 16,
    "Stage": 6,
    "Gold": 9086000,
    "Ticket": 220000,
    "Enemy1Id": 114,
    "Enemy1Level": 2766671,
    "Enemy2Id": 107,
    "Enemy2Level": 2177636,
    "Enemy3Id": 89,
    "Enemy3Level": 2410955
  },
  {
    "Part": 2,
    "Grade": 16,
    "Stage": 7,
    "Gold": 9107000,
    "Ticket": 225000,
    "Enemy1Id": 105,
    "Enemy1Level": 7423314,
    "Enemy2Id": 111,
    "Enemy2Level": 2019699,
    "Enemy3Id": 112,
    "Enemy3Level": 2232299
  },
  {
    "Part": 2,
    "Grade": 16,
    "Stage": 8,
    "Gold": 9128000,
    "Ticket": 230000,
    "Enemy1Id": 81,
    "Enemy1Level": 3116657,
    "Enemy2Id": 88,
    "Enemy2Level": 1806754,
    "Enemy3Id": 81,
    "Enemy3Level": 3116657
  },
  {
    "Part": 2,
    "Grade": 16,
    "Stage": 9,
    "Gold": 9149000,
    "Ticket": 235000,
    "Enemy1Id": 103,
    "Enemy1Level": 4384225,
    "Enemy2Id": 104,
    "Enemy2Level": 1544911,
    "Enemy3Id": 110,
    "Enemy3Level": 5109177
  },
  {
    "Part": 2,
    "Grade": 16,
    "Stage": 10,
    "Gold": 9170000,
    "Ticket": 240000,
    "Enemy1Id": 102,
    "Enemy1Level": 11666759,
    "Enemy2Id": 83,
    "Enemy2Level": 6481528,
    "Enemy3Id": 82,
    "Enemy3Level": 4685440
  },
  {
    "Part": 2,
    "Grade": 17,
    "Stage": 1,
    "Gold": 9191000,
    "Ticket": 243000,
    "Enemy1Id": 51,
    "Enemy1Level": 15567841,
    "Enemy2Id": 105,
    "Enemy2Level": 2440665,
    "Enemy3Id": 51,
    "Enemy3Level": 15567841
  },
  {
    "Part": 2,
    "Grade": 17,
    "Stage": 2,
    "Gold": 9212000,
    "Ticket": 246000,
    "Enemy1Id": 48,
    "Enemy1Level": 23207604,
    "Enemy2Id": 91,
    "Enemy2Level": 2463813,
    "Enemy3Id": 48,
    "Enemy3Level": 23207604
  },
  {
    "Part": 2,
    "Grade": 17,
    "Stage": 3,
    "Gold": 9233000,
    "Ticket": 249000,
    "Enemy1Id": 38,
    "Enemy1Level": 63236096,
    "Enemy2Id": 104,
    "Enemy2Level": 1445387,
    "Enemy3Id": 38,
    "Enemy3Level": 63236096
  },
  {
    "Part": 2,
    "Grade": 17,
    "Stage": 4,
    "Gold": 9254000,
    "Ticket": 252000,
    "Enemy1Id": 89,
    "Enemy1Level": 2148753,
    "Enemy2Id": 90,
    "Enemy2Level": 2244966,
    "Enemy3Id": 84,
    "Enemy3Level": 2482059
  },
  {
    "Part": 2,
    "Grade": 17,
    "Stage": 5,
    "Gold": 9275000,
    "Ticket": 255000,
    "Enemy1Id": 83,
    "Enemy1Level": 5558324,
    "Enemy2Id": 83,
    "Enemy2Level": 5558324,
    "Enemy3Id": 83,
    "Enemy3Level": 5558324
  },
  {
    "Part": 2,
    "Grade": 17,
    "Stage": 6,
    "Gold": 9296000,
    "Ticket": 258000,
    "Enemy1Id": 107,
    "Enemy1Level": 2279561,
    "Enemy2Id": 90,
    "Enemy2Level": 2636807,
    "Enemy3Id": 102,
    "Enemy3Level": 8833325
  },
  {
    "Part": 2,
    "Grade": 17,
    "Stage": 7,
    "Gold": 9317000,
    "Ticket": 261000,
    "Enemy1Id": 90,
    "Enemy1Level": 6391781,
    "Enemy2Id": 82,
    "Enemy2Level": 8599389
  },
  {
    "Part": 2,
    "Grade": 17,
    "Stage": 8,
    "Gold": 9338000,
    "Ticket": 264000,
    "Enemy1Id": 79,
    "Enemy1Level": 5326451,
    "Enemy2Id": 91,
    "Enemy2Level": 3538803,
    "Enemy3Id": 85,
    "Enemy3Level": 5218846
  },
  {
    "Part": 2,
    "Grade": 17,
    "Stage": 9,
    "Gold": 9359000,
    "Ticket": 267000,
    "Enemy1Id": 111,
    "Enemy1Level": 2997324,
    "Enemy2Id": 87,
    "Enemy2Level": 2439227,
    "Enemy3Id": 105,
    "Enemy3Level": 2744801
  },
  {
    "Part": 2,
    "Grade": 17,
    "Stage": 10,
    "Gold": 9380000,
    "Ticket": 270000,
    "Enemy1Id": 104,
    "Enemy1Level": 3235464,
    "Enemy2Id": 85,
    "Enemy2Level": 13726250
  },
  {
    "Part": 2,
    "Grade": 18,
    "Stage": 1,
    "Gold": 9401000,
    "Ticket": 273000,
    "Enemy1Id": 98,
    "Enemy1Level": 2442881,
    "Enemy2Id": 85,
    "Enemy2Level": 3528610,
    "Enemy3Id": 86,
    "Enemy3Level": 2442881
  },
  {
    "Part": 2,
    "Grade": 18,
    "Stage": 2,
    "Gold": 9422000,
    "Ticket": 276000,
    "Enemy1Id": 92,
    "Enemy1Level": 3122623,
    "Enemy2Id": 121,
    "Enemy2Level": 3531538,
    "Enemy3Id": 84,
    "Enemy3Level": 2447598
  },
  {
    "Part": 2,
    "Grade": 18,
    "Stage": 3,
    "Gold": 9443000,
    "Ticket": 279000,
    "Enemy1Id": 99,
    "Enemy1Level": 4896730,
    "Enemy2Id": 79,
    "Enemy2Level": 4644321,
    "Enemy3Id": 105,
    "Enemy3Level": 3300357
  },
  {
    "Part": 2,
    "Grade": 18,
    "Stage": 4,
    "Gold": 9464000,
    "Ticket": 282000,
    "Enemy1Id": 82,
    "Enemy1Level": 5433391,
    "Enemy2Id": 111,
    "Enemy2Level": 4329324,
    "Enemy3Id": 85,
    "Enemy3Level": 5466321
  },
  {
    "Part": 2,
    "Grade": 18,
    "Stage": 5,
    "Gold": 9485000,
    "Ticket": 285000,
    "Enemy1Id": 99,
    "Enemy1Level": 5019918,
    "Enemy2Id": 103,
    "Enemy2Level": 3120486,
    "Enemy3Id": 107,
    "Enemy3Level": 2979561
  },
  {
    "Part": 2,
    "Grade": 18,
    "Stage": 6,
    "Gold": 9506000,
    "Ticket": 288000,
    "Enemy1Id": 84,
    "Enemy1Level": 2879528,
    "Enemy2Id": 92,
    "Enemy2Level": 3673675,
    "Enemy3Id": 121,
    "Enemy3Level": 4154753
  },
  {
    "Part": 2,
    "Grade": 18,
    "Stage": 7,
    "Gold": 9527000,
    "Ticket": 291000,
    "Enemy1Id": 98,
    "Enemy1Level": 2983673,
    "Enemy2Id": 91,
    "Enemy2Level": 2922365,
    "Enemy3Id": 86,
    "Enemy3Level": 2983673
  },
  {
    "Part": 2,
    "Grade": 18,
    "Stage": 8,
    "Gold": 9548000,
    "Ticket": 294000,
    "Enemy1Id": 79,
    "Enemy1Level": 5463908,
    "Enemy2Id": 99,
    "Enemy2Level": 5760860,
    "Enemy3Id": 105,
    "Enemy3Level": 3882774
  },
  {
    "Part": 2,
    "Grade": 18,
    "Stage": 9,
    "Gold": 9569000,
    "Ticket": 297000,
    "Enemy1Id": 85,
    "Enemy1Level": 6430968,
    "Enemy2Id": 82,
    "Enemy2Level": 6392226,
    "Enemy3Id": 111,
    "Enemy3Level": 5093324
  },
  {
    "Part": 2,
    "Grade": 18,
    "Stage": 10,
    "Gold": 9590000,
    "Ticket": 300000,
    "Enemy1Id": 103,
    "Enemy1Level": 3671162,
    "Enemy2Id": 107,
    "Enemy2Level": 3505367,
    "Enemy3Id": 99,
    "Enemy3Level": 5905788
  },
  {
    "Part": 2,
    "Grade": 19,
    "Stage": 1,
    "Gold": 9611000,
    "Ticket": 303000,
    "Enemy1Id": 105,
    "Enemy1Level": 7980063,
    "Enemy2Id": 111,
    "Enemy2Level": 2171177,
    "Enemy3Id": 112,
    "Enemy3Level": 2399722
  },
  {
    "Part": 2,
    "Grade": 19,
    "Stage": 2,
    "Gold": 9632000,
    "Ticket": 306000,
    "Enemy1Id": 114,
    "Enemy1Level": 2974172,
    "Enemy2Id": 107,
    "Enemy2Level": 2340959,
    "Enemy3Id": 89,
    "Enemy3Level": 2591777
  },
  {
    "Part": 2,
    "Grade": 19,
    "Stage": 3,
    "Gold": 9653000,
    "Ticket": 309000,
    "Enemy1Id": 99,
    "Enemy1Level": 4724382,
    "Enemy2Id": 105,
    "Enemy2Level": 3184196,
    "Enemy3Id": 102,
    "Enemy3Level": 10866091
  },
  {
    "Part": 2,
    "Grade": 19,
    "Stage": 4,
    "Gold": 9674000,
    "Ticket": 312000,
    "Enemy1Id": 83,
    "Enemy1Level": 5578569,
    "Enemy2Id": 83,
    "Enemy2Level": 5578569,
    "Enemy3Id": 83,
    "Enemy3Level": 5578569
  },
  {
    "Part": 2,
    "Grade": 19,
    "Stage": 5,
    "Gold": 9695000,
    "Ticket": 315000,
    "Enemy1Id": 85,
    "Enemy1Level": 2327220,
    "Enemy2Id": 86,
    "Enemy2Level": 3295228,
    "Enemy3Id": 88,
    "Enemy3Level": 1285579
  },
  {
    "Part": 2,
    "Grade": 19,
    "Stage": 6,
    "Gold": 9716000,
    "Ticket": 318000,
    "Enemy1Id": 110,
    "Enemy1Level": 1634385,
    "Enemy2Id": 92,
    "Enemy2Level": 1813796,
    "Enemy3Id": 99,
    "Enemy3Level": 20651251
  },
  {
    "Part": 2,
    "Grade": 19,
    "Stage": 7,
    "Gold": 9737000,
    "Ticket": 321000,
    "Enemy1Id": 113,
    "Enemy1Level": 4234385,
    "Enemy2Id": 89,
    "Enemy2Level": 6623796,
    "Enemy3Id": 84,
    "Enemy3Level": 7651252
  },
  {
    "Part": 2,
    "Grade": 19,
    "Stage": 8,
    "Gold": 9758000,
    "Ticket": 324000,
    "Enemy1Id": 86,
    "Enemy1Level": 3206284,
    "Enemy2Id": 91,
    "Enemy2Level": 3140401,
    "Enemy3Id": 98,
    "Enemy3Level": 3206284
  },
  {
    "Part": 2,
    "Grade": 19,
    "Stage": 9,
    "Gold": 9779000,
    "Ticket": 327000,
    "Enemy1Id": 103,
    "Enemy1Level": 4038279,
    "Enemy2Id": 107,
    "Enemy2Level": 3855905,
    "Enemy3Id": 99,
    "Enemy3Level": 6496368
  },
  {
    "Part": 2,
    "Grade": 19,
    "Stage": 10,
    "Gold": 9800000,
    "Ticket": 330000,
    "Enemy1Id": 85,
    "Enemy1Level": 6646455,
    "Enemy2Id": 82,
    "Enemy2Level": 6606416,
    "Enemy3Id": 111,
    "Enemy3Level": 5263991
  }
]